,links,titulos
0,http://www.band.com.br/noticias/eleicoes/conteudo.asp?ID=100000912540&t=temer-e-fhc-falam-sobre-candidatura-unica-das-forcas-governistas,"Temer e FHC falam sobre candidatura única ""das forças governistas"""
1,https://noticias.uol.com.br/politica/eleicoes/2018/noticias/reuters/2018/05/07/temer-diz-que-falou-com-fhc-sobre-candidatura-unica-de-forcas-governistas.htm,"Temer diz que falou com FHC sobre candidatura única ""de forças governistas"""
2,http://www.band.com.br/noticias/eleicoes/conteudo.asp?ID=100000912521&t=dias-e-rocha-negociam-alianca-e-ja-admitem-coalizao-mais-ampla,Dias e Rocha negociam aliança e já admitem coalizão mais ampla
3,https://noticias.uol.com.br/confere/ultimas-noticias/2018/05/07/uol-confere-sabatina-alvaro-dias.htm,"Em sabatina, Dias erra ao falar de campanha barata e acerta sobre pobreza"
4,https://www3.uol.com.br/uolmais/2018/05/07/alvaro-dias-diz-que-acabaria-com-reeleicao-veja-integra-da-sabatina.htm,Alvaro Dias diz que acabaria com reeleição; veja íntegra da sabatina
5,http://www.band.com.br/noticias/eleicoes/conteudo.asp?ID=100000912440&t=a-cinco-meses-das-eleicoes-camara-e-senado-trabalham-em-ritmo-lento,"A cinco meses das eleições, Câmara e Senado trabalham em ritmo lento"
6,https://noticias.uol.com.br/ultimas-noticias/agencia-estado/2018/05/07/lula-nao-sei-se-os-acusadores-dormem-com-a-consciencia-tranquila-que-eu-durmo.htm,Lula: 'Não sei se os acusadores dormem com a consciência tranquila que eu durmo'
7,https://www3.uol.com.br/uolmais/2018/05/07/stf-nao-resolveu-a-questao-do-foro-congresso-precisa-legislar.htm,STF na?o resolveu a questa?o do foro; Congresso precisa legislar
8,https://noticias.uol.com.br/politica/eleicoes/2018/noticias/2018/05/07/dias-quer-seguir-vontade-da-populacao-pretendemos-refundar-a-republica.htm,"Dias quer seguir vontade da população: ""Pretendemos refundar a República"""
9,https://noticias.uol.com.br/politica/eleicoes/2018/noticias/2018/05/07/alvaro-dias-seguranca-publica.htm,Alvaro Dias diz que intervenção de militares não resolve violência
10,https://noticias.uol.com.br/politica/eleicoes/2018/noticias/agencia-estado/2018/05/06/seguranca-vira-demanda-dos-ruralistas-na-eleicao.htm," Em troca de apoio, agronegócio cobra candidatos por segurança no campo "
11,https://economia.uol.com.br/noticias/estadao-conteudo/2018/05/06/sem-ajuste-o-brasil-vai-a-bancarrota.htm,Estadão Conteúdo - Política
12,https://noticias.uol.com.br/politica/eleicoes/2018/noticias/2018/05/06/uol-folha-e-sbt-iniciam-sabatinas-com-presidenciaveis-alvaro-dias-e-o-1.htm," 'Sem ajuste, o Brasil vai à bancarrota' "
13,https://noticias.uol.com.br/politica/eleicoes/2018/noticias/agencia-estado/2018/05/06/ciro-muda-de-estrategica-e-investe-na-aproximacao-com-o-pib-e-o-mercado.htm,Estadão Conteúdo
14,https://www1.folha.uol.com.br/poder/2018/05/bolsonaro-aposta-em-outras-legendas-para-garantir-palanque-nos-estados.shtml," UOL, Folha e SBT iniciam sabatinas com presidenciáveis nesta segunda (7) "
15,https://www1.folha.uol.com.br/poder/2018/05/eleitores-de-alckmin-divergem-sobre-fama-de-picole-de-chucu-e-alianca-com-mdb.shtml,do UOL
16,https://www1.folha.uol.com.br/poder/2018/05/coligacao-do-pt-com-ciro-esta-100-descartada-diz-luiz-marinho.shtml, Ciro muda de estratégia e investe na aproximação com o PIB e o mercado 
17,https://www1.folha.uol.com.br/poder/2018/05/cla-sarney-tenta-retomar-poder-e-diz-que-desgaste-no-maranhao-diminuiu.shtml,Estadão Conteúdo - Política
18,https://www1.folha.uol.com.br/poder/2018/05/ativistas-do-ocupe-estelita-disputam-eleicao-em-pernambuco.shtml, Bolsonaro aposta em outras legendas para garantir palanque nos estados 
19,http://www.band.com.br/noticias/eleicoes/conteudo.asp?ID=100000912309&t=temer-admite-apoio-a-alckmin-ou-outro-candidato-de-centro,Folha.com - Brasil
20,https://noticias.uol.com.br/politica/eleicoes/2018/noticias/bbc/2018/05/05/o-pt-nao-vai-tirar-o-lula-nem-oferecer-outro-candidato-diz-dilma.htm, Eleitores de Alckmin divergem sobre fama de Picolé de Chucu e aliança com MDB 
21,https://noticias.uol.com.br/politica/eleicoes/2018/noticias/2018/05/05/para-gilmar-mendes-j-barbosa-tera-dificuldade-de-dialogar-com-politicos.htm,Folha.com - Brasil
22,https://www1.folha.uol.com.br/poder/2018/05/alckmin-e-temer-ensaiam-aproximacao-e-irritam-dem.shtml," Coligação do PT com Ciro está 100% descartada, diz Luiz Marinho "
23,http://congressoemfoco.uol.com.br/noticias/presidente-mais-rejeitado-temer-pede-que-militantes-saiam-as-ruas-para-defender-seu-legado/,Folha.com - Brasil
24,http://www.band.com.br/noticias/eleicoes/conteudo.asp?ID=100000912290&t=governador-do-pe-barbosa-vai-ter-de-se-apresentar-e-dizer-o-que-pensa, Clã Sarney tenta retomar poder e diz que desgaste no Maranhão diminuiu 
25,https://www1.folha.uol.com.br/poder/2018/05/psdb-ja-deu-o-que-tinha-que-dar-em-sp-diz-skaf-ao-lancar-pre-candidatura-ao-governo.shtml,Folha.com - Brasil
26,https://noticias.uol.com.br/politica/eleicoes/2018/noticias/agencia-estado/2018/05/05/henrique-meirelles-diz-que-brasil-esta-na-direcao-certa.htm, Ativistas do Ocupe Estelita disputam eleição em Pernambuco 
27,http://temas.folha.uol.com.br/entrevistas-eleicoes-2018/pre-candidatos-2018/ciro-diz-ter-pena-de-gleisi-e-que-pt-faz-burrice.shtml,Folha.com - Brasil
28,https://noticias.uol.com.br/politica/eleicoes/2018/noticias/agencia-estado/2018/05/05/barbosa-vai-ter-de-se-apresentar-e-dizer-o-que-pensa-afirma-paulo-camara.htm, Temer admite apoio a Alckmin ou outro candidato de centro 
29,https://noticias.uol.com.br/politica/eleicoes/2018/noticias/agencia-estado/2018/05/05/a-espera-de-decisao-de-barbosa-psb-prepara-estrutura-para-ex-ministro.htm,Band
30,http://congressoemfoco.uol.com.br/noticias/ciro-diz-ter-pena-de-gleisi-por-rejeitar-alianca-entre-partidos/," ""O PT não vai tirar o Lula, nem oferecer outro candidato"", diz Dilma "
31,https://noticias.uol.com.br/politica/eleicoes/2018/noticias/2018/05/05/urnas-com-voto-impresso-custarao-r-57-milhoes-nas-eleicoes-deste-ano.htm,BBC Brasil
32,https://www1.folha.uol.com.br/poder/2018/05/temer-conversa-com-alckmin-sobre-pacto-para-uniao-do-centro.shtml," Para Gilmar Mendes, J. Barbosa terá dificuldade de dialogar com políticos "
33,https://noticias.uol.com.br/politica/eleicoes/2018/noticias/agencia-estado/2018/05/04/maia-e-alvaro-dias-articulam-alianca-para-isolar-psdb-mdb.htm,UOL Notícias - Política
34,https://noticias.uol.com.br/politica/eleicoes/2018/noticias/2018/05/04/tribunal-nega-pedido-de-ciro-gomes-para-visitar-ex-presidente-lula.htm, Alckmin e Temer ensaiam aproximação e irritam DEM 
35,https://www3.uol.com.br/uolmais/2018/05/04/nao-seria-isso-me-faria-desistir-da-reeleicao-diz-temer-apos-hostilidade.htm,Folha.com - Brasil
36,https://noticias.uol.com.br/politica/eleicoes/2018/noticias/2018/05/04/nao-seria-isso-me-faria-desistir-de-reeleicao-diz-temer-apos-hostilidade.htm," Presidente mais rejeitado, Temer pede que militantes saíam às ruas para defender seu ""legado"" "
37,https://noticias.uol.com.br/politica/eleicoes/2018/noticias/agencia-estado/2018/05/04/alckmin-comeca-campanha-pelo-nordeste-falando-sobre-renda-e-seca.htm,Congresso em Foco
38,https://economia.uol.com.br/noticias/estadao-conteudo/2018/05/04/nao-esperava-um-debate-tao-superficial-diz-presidente-do-insper.htm, Governador do PE: Barbosa vai ter de se apresentar e dizer o que pensa 
39,https://noticias.uol.com.br/politica/eleicoes/2018/noticias/2018/05/04/ainda-nao-tirou-ou-regularizou-seu-titulo-de-eleitor-prazo-termina-em-95.htm,Band
40,https://noticias.uol.com.br/politica/eleicoes/2018/noticias/2018/05/04/uol-transmite-ao-vivo-encontro-de-11-presidenciaveis-com-prefeitos-na-terca.htm, UOL transmite ao vivo encontro de 11 presidenciáveis com prefeitos na terça 
41,https://noticias.uol.com.br/politica/eleicoes/2018/noticias/2018/05/04/uol-folha-e-sbt-fazem-sabatina-com-pre-candidato-a-presidente-alvaro-dias.htm,do UOL
42,https://noticias.uol.com.br/ultimas-noticias/agencia-estado/2018/05/03/stf-mantem-veto-a-telemarketing-eleitoral-realizado-em-qualquer-horario.htm," UOL, Folha e SBT fazem sabatina com pré-candidato a presidente Alvaro Dias "
43,http://www.band.com.br/noticias/eleicoes/conteudo.asp?ID=100000912009&t=tse-define-implantacao-gradual-do-voto-impresso-nas-eleicoes-de-2018,do UOL
44,https://noticias.uol.com.br/politica/eleicoes/2018/noticias/agencia-estado/2018/05/03/tse-confirma-permissao-para-legendas-usarem-fundo-partidario-nas-campanhas.htm, STF mantém veto a telemarketing eleitoral realizado em qualquer horário 
45,https://noticias.uol.com.br/politica/eleicoes/2018/noticias/2018/05/03/eleicoes-2018-terao-30-mil-urnas-com-voto-impresso-16-ficara-em-sp.htm,Estadão Conteúdo - Política
46,https://noticias.uol.com.br/politica/eleicoes/2018/noticias/agencia-estado/2018/05/03/maia-defende-unificacao-das-policias-e-critica-intervencao-no-rio.htm, TSE define implantação gradual do voto impresso nas eleições de 2018 
47,https://noticias.uol.com.br/politica/eleicoes/2018/noticias/agencia-estado/2018/05/03/cristovam-buarque-vai-formular-plano-de-governo-para-alckmin.htm,Band
48,https://noticias.uol.com.br/ultimas-noticias/deutschewelle/2018/05/03/o-amargo-sabor-de-ser-uma-candidata-laranja.htm, TSE confirma permissão para legendas usarem Fundo Partidário nas campanhas 
49,http://www.band.com.br/noticias/eleicoes/conteudo.asp?ID=100000911824&t=pt-comeca-a-discutir-amanha-em-curitiba-plano-de-governo-de-lula,Estadão Conteúdo - Política
50,https://noticias.uol.com.br/politica/eleicoes/2018/noticias/agencia-estado/2018/05/02/ciro-diz-que-wagner-pode-ser-mal-entendido-por-cogitar-pt-como-vice.htm, Eleições 2018 terão 30 mil urnas com voto impresso; veja a distribuição 
51,http://www.band.com.br/noticias/eleicoes/conteudo.asp?ID=100000911775&t=partido-novo-anuncia-que-bernardinho-nao-vai-disputar-as-eleicoes,do UOL
52,http://www.band.com.br/noticias/eleicoes/conteudo.asp?ID=100000911741&t=marina-silva-enfrenta-dificuldades-para-encontrar-aliados, Maia defende unificação das polícias e critica intervenção no Rio 
53,https://noticias.uol.com.br/politica/eleicoes/2018/noticias/agencia-estado/2018/05/02/marina-silva-nao-empolga-antigos-aliados.htm,Estadão Conteúdo
54,https://noticias.uol.com.br/politica/eleicoes/2018/noticias/2018/05/01/de-incognita-a-outsider-partidos-de-esquerda-se-dividem-sobre-barbosa.htm, Cristovam Buarque vai formular plano de governo para Alckmin 
55,https://noticias.uol.com.br/politica/eleicoes/2018/noticias/2018/05/01/wagner-nao-descarta-pt-na-vice-de-ciro-e-ve-hora-de-ceder-precedencia.htm,Estadão Conteúdo - Política
56,https://noticias.uol.com.br/cotidiano/ultimas-noticias/2018/05/01/boulos-diz-lamentar-uso-politico-de-desabamento-e-diz-que-ocupacao-nao-era-do-mtst.htm, Candidatas-laranja são usadas por partidos para cumprir cota eleitoral 
57,https://economia.uol.com.br/noticias/estadao-conteudo/2018/05/01/presidenciaveis-divergem-sobre-reforma-trabalhista-em-ato-da-forca-sindical.htm,DW
58,https://noticias.uol.com.br/ultimas-noticias/agencia-estado/2018/05/01/desabamento-em-sp-mobiliza-politicos-e-ajuda-a-esvaziar-evento-da-forca-sindical.htm, PT começa a discutir amanhã em Curitiba plano de governo de Lula 
59,https://noticias.uol.com.br/politica/eleicoes/2018/noticias/agencia-estado/2018/05/01/doria-diz-que-franca-nao-representa-legado-do-psdb-e-de-alckmin.htm,Band
60,https://noticias.uol.com.br/politica/eleicoes/2018/noticias/agencia-estado/2018/05/01/nao-temos-plano-b-c-x-y-ou-z-diz-jacques-wagner-sobre-lula.htm, Ciro diz que Wagner pode ser mal entendido por cogitar PT como vice 
61,https://noticias.uol.com.br/politica/eleicoes/2018/noticias/agencia-estado/2018/05/01/mdb-e-psdb-devem-ser-adversarios-em-ao-menos-16-estados.htm,Estadão Conteúdo - Política
62,https://noticias.uol.com.br/politica/eleicoes/2018/noticias/agencia-estado/2018/05/01/bolsonaro-rejeita-uso-do-fundo-eleitoral-na-campanha.htm, Partido Novo anuncia que Bernardinho não vai disputar as eleições 
63,http://www.band.com.br/noticias/eleicoes/conteudo.asp?ID=100000911589&t=jair-bolsonaro-rejeita-uso-do-fundo-eleitoral,Band
64,https://noticias.uol.com.br/politica/eleicoes/2018/noticias/2018/05/01/com-22-pre-candidatos-a-presidente-eleicao-pode-igualar-recorde-de-1989.htm, Marina Silva enfrenta dificuldades para encontrar aliados 
65,https://noticias.uol.com.br/politica/ultimas-noticias/2018/04/30/defesa-pede-que-lula-recorra-de-condenacao-do-triplex-em-liberdade.htm,Band
66,https://www1.folha.uol.com.br/poder/2018/04/menino-do-lula-josue-alencar-e-disputado-pela-esquerda-e-pela-direita.shtml, Marina Silva não empolga antigos aliados 
67,https://www1.folha.uol.com.br/poder/2018/04/fora-do-palco-oficial-bolsonaro-disputa-publico-em-feira-de-agronegocio.shtml,Estadão Conteúdo - Política
68,http://www.band.com.br/noticias/eleicoes/conteudo.asp?ID=100000911515&t=governador-de-ma-age-para-atrair-apoio-de-evangelicos," De ""incógnita"" a ""outsider"", partidos de esquerda se dividem sobre Barbosa "
69,https://noticias.uol.com.br/politica/eleicoes/2018/noticias/bbc/2018/04/30/a-trajetoria-do-psb-partido-que-quer-lancar-joaquim-barbosa-a-presidencia.htm,do UOL
70,http://congressoemfoco.uol.com.br/opiniao/a-experiencia-comparada-e-o-futuro-da-saude-no-brasil/, A experiência comparada e o futuro da saúde no Brasil 
71,https://noticias.uol.com.br/ultimas-noticias/agencia-estado/2018/04/30/dino-age-para-atrair-apoio-de-evangelicos.htm,Congresso em Foco
72,https://noticias.uol.com.br/ultimas-noticias/agencia-estado/2018/04/30/sarney-volta-ao-maranhao-e-tenta-retomar-o-poder.htm, Dino age para atrair apoio de evangélicos e ser reeleito ao mandato 
73,https://noticias.uol.com.br/politica/ultimas-noticias/2018/04/30/candidatura-de-dilma-ao-senado-e-impeachment-ampliam-racha-entre-pt-e-mdb-em-mg.htm,Estadão Conteúdo - Política
74,https://noticias.uol.com.br/politica/eleicoes/2018/noticias/2018/04/30/partido-de-franca-psb-e-o-que-mais-cresceu-na-alesp-desde-2015.htm, José Sarney volta ao Maranhão e tenta retomar o poder 
75,http://painel.blogfolha.uol.com.br/?p=22302,Estadão Conteúdo - Política
76,https://www1.folha.uol.com.br/poder/2018/04/para-evitar-fuga-de-apoiadores-aliados-divulgam-ideias-de-joaquim-barbosa.shtml, Candidatura de Dilma ao Senado e impeachment ampliam racha entre PT e MDB em MG 
77,https://www1.folha.uol.com.br/poder/2018/04/com-avaliacao-negativa-congresso-mantem-aposta-em-politicos-tradicionais.shtml,UOL Notícias - Política
78,https://noticias.uol.com.br/politica/eleicoes/2018/noticias/agencia-estado/2018/04/29/tse-comeca-a-cadastrar-empresas-para-realizar-vaquinhas-virtuais.htm, Convites de França e decepção com Doria: como PSB duplicou bancada na Alesp 
79,https://noticias.uol.com.br/ultimas-noticias/agencia-estado/2018/04/29/fiscal-se-resolve-com-a-volta-do-crescimento.htm,Governo de São Paulo
80,https://noticias.uol.com.br/politica/eleicoes/2018/noticias/agencia-estado/2018/04/29/o-estatismo-nao-levou-a-lugar-nenhum-o-modelo-fracassou-diz-bispo.htm, DEM adia decisão sobre alianças em São Paulo para medir rejeição a Doria 
81,https://noticias.uol.com.br/politica/eleicoes/2018/noticias/agencia-estado/2018/04/29/pre-campanha-de-bolsonaro-intensifica-aproximacao-com-evangelicos.htm,Folha.com - Brasil
82,https://noticias.uol.com.br/politica/eleicoes/2018/noticias/agencia-estado/2018/04/29/presidenciaveis-liberais-fazem-investida-por-eleitorado-evangelico.htm," Para evitar fuga de apoiadores, aliados divulgam ideias de Joaquim Barbosa "
83,https://noticias.uol.com.br/politica/eleicoes/2018/noticias/2018/04/29/criticas-a-lider-do-psb-impeachment-tabajara-e-futebol-barbosa-no-twitter.htm,Folha.com - Brasil
84,http://www.band.com.br/noticias/eleicoes/conteudo.asp?ID=100000911364&t=marina-fara-bem-a-sociedade-se-pt-e-psdb-tirarem-periodo-sabatico," Com avaliação negativa, Congresso mantém aposta em políticos tradicionais "
85,https://noticias.uol.com.br/politica/eleicoes/2018/noticias/agencia-estado/2018/04/27/afif-cre-que-lava-jato-pode-atingir-alckmin-e-outros-presidenciaveis.htm,Folha.com - Brasil
86,https://noticias.uol.com.br/politica/eleicoes/2018/noticias/2018/04/27/ciro-diz-que-se-for-eleito-vai-trabalhar-para-destruir-o-mdb.htm, TSE começa a cadastrar empresas para realizar vaquinhas virtuais 
87,https://noticias.uol.com.br/politica/eleicoes/2018/noticias/2018/04/27/marina-chama-dilma-e-aecio-de-fraudes-e-sugere-periodo-sabatico-a-siglas.htm,Estadão Conteúdo - Política
88,https://noticias.uol.com.br/politica/eleicoes/2018/noticias/2018/04/27/procuradoria-eleitoral-envia-inquerito-de-alckmin-para-1-instancia.htm," Solução para problema fiscal do país é o crescimento econômico, diz economista do PT "
89,https://noticias.uol.com.br/politica/eleicoes/2018/noticias/agencia-estado/2018/04/27/barbosa-e-competitivo-mas-nao-sinto-temor-nenhum-diz-ciro-em-sp.htm,Estadão Conteúdo - Política
90,https://noticias.uol.com.br/politica/eleicoes/2018/noticias/agencia-estado/2018/04/27/seria-indelicadeza-com-meirelles-discutir-agora-chapa-com-mdb-diz-alckmin.htm," 'O estatismo não levou a lugar nenhum. O modelo fracassou', diz bispo "
91,https://noticias.uol.com.br/politica/eleicoes/2018/noticias/agencia-estado/2018/04/27/ciro-diz-quer-um-vice-do-sudeste-e-confirma-convite-a-nome-cotado-pelo-pt.htm,Estadão Conteúdo - Política
92,http://www.band.com.br/noticias/eleicoes/conteudo.asp?ID=100000911269&t=alckmin-nao-vislumbra-nova-disputa-contra-lula-nas-eleicoes-deste-ano, Pré-campanha de Bolsonaro intensifica aproximação com evangélicos 
93,https://noticias.uol.com.br/politica/eleicoes/2018/noticias/2018/04/27/a-sindicalistas-alckmin-diz-ser-contra-privatizacao-de-caixa-e-bb.htm,Estadão Conteúdo - Política
94,http://congressoemfoco.uol.com.br/noticias/ciro-convida-para-vice-empresario-que-era-cotado-pelo-pt-para-compor-chapa-de-lula/," Presidenciáveis 'liberais"" fazem investida por eleitorado evangélico "
95,https://noticias.uol.com.br/politica/eleicoes/2018/noticias/agencia-estado/2018/04/27/alckmin-afirma-que-nao-teve-contato-com-presidente-temer.htm,Estadão Conteúdo - Política
96,https://noticias.uol.com.br/politica/eleicoes/2018/noticias/agencia-estado/2018/04/27/skaf-cobra-apoio-de-temer-na-disputa-em-sp.htm, Crítica a presidente do PSB e elogios a Lula e Getúlio: Barbosa no Twitter 
97,https://noticias.uol.com.br/politica/eleicoes/2018/noticias/2018/04/27/prazo-para-tirar-e-regularizar-titulo-de-eleitor-termina-no-dia-9-de-maio.htm,do UOL
98,https://noticias.uol.com.br/politica/ultimas-noticias/2018/04/27/em-programa-de-governo-para-as-eleicoes-pt-defende-referendo-revogatorio-de-ajustes-de-temer-ampliacao-de-estatais-e-volta-do-desenvolvimentismo.htm, Marina: Fará bem à sociedade se PT e PSDB tirarem 'período sabático' 
99,https://noticias.uol.com.br/politica/eleicoes/2018/noticias/2018/04/27/parece-eleicao-de-sindico-em-predio-desabando-diz-guru-de-eduardo-campos.htm,Band
100,http://painel.blogfolha.uol.com.br/?p=22240," Haddad vê Barbosa candidato, e Ciro tem dúvidas; ministro busca apoio no PSB "
101,http://painel.blogfolha.uol.com.br/?p=22239,Folha.com - Brasil
102,http://congressoemfoco.uol.com.br/noticias/romario-nega-ter-tentado-nova-eleicao-no-meio-do-mandato-para-beneficiar-suplente-fake-news/," Com Pimentel ameaçado de impeachment, Dilma rechaça concorrer ao governo "
103,https://noticias.uol.com.br/politica/eleicoes/2018/noticias/agencia-estado/2018/04/26/bolsonaro-mira-em-evangelicos-em-agenda-politica.htm,Folha.com - Brasil
104,https://noticias.uol.com.br/politica/eleicoes/2018/noticias/2018/04/26/pre-candidato-temer-comeca-a-intensificar-viagens-para-defender-governo.htm," Romário nega ter tentado nova eleição no meio do mandato para beneficiar suplente: ""Fake news"" "
105,https://noticias.uol.com.br/politica/ultimas-noticias/2018/04/26/pimentel-diz-ver-com-estranheza-pedido-de-impeachment-contra-ele.htm,Congresso em Foco
106,https://noticias.uol.com.br/politica/ultimas-noticias/2018/04/26/pt-cita-golpe-e-nao-cre-em-impeachment-contra-pimentel-oposicao-se-diz-serena.htm, Bolsonaro mira em evangélicos em agenda política 
107,http://congressoemfoco.uol.com.br/opiniao/colunistas/a-liberdade-de-lula-no-%e2%80%9csim%e2%80%9d-de-haddad/,Estadão Conteúdo - Política
108,https://noticias.uol.com.br/politica/ultimas-noticias/2018/04/26/assembleia-de-mg-autoriza-abertura-de-processo-de-impeachment-contra-pimentel.htm," Pré-candidato, Temer começa a intensificar viagens para defender governo "
109,http://www.band.com.br/noticias/eleicoes/conteudo.asp?ID=100000911142&t=ciro-gomes-voce-acha-que-um-marginal-como-cunha-me-derrubaria,do UOL
110,https://noticias.uol.com.br/politica/eleicoes/2018/noticias/agencia-estado/2018/04/26/voce-acha-que-um-marginal-como-cunha-me-derrubaria-pergunta-ciro.htm," Pimentel diz ver com ""estranheza"" pedido de impeachment contra ele "
111,https://noticias.uol.com.br/politica/eleicoes/2018/noticias/2018/04/26/psb-na-camara-exalta-joaquim-barbosa-e-diz-torcer-por-candidatura.htm,UOL Notícias - Política
112,https://noticias.uol.com.br/politica/ultimas-noticias/2018/04/26/apos-decisao-do-stf-moro-diz-que-ha-outras-provas-alem-das-delacoes-em-acoes-contra-lula.htm," PT cita ""golpe"" e não crê em impeachment contra Pimentel; oposição se diz ""serena"" "
113,http://congressoemfoco.uol.com.br/noticias/joaquim-barbosa-diz-ser-contra-posicoes-ultraliberais-e-solucoes-livrescas/,UOL Notícias - Política
114,https://noticias.uol.com.br/politica/eleicoes/2018/noticias/2018/04/26/tse-aprova-mudanca-de-nome-do-pen-para-patriota.htm," A liberdade de Lula no ""sim"" de Haddad "
115,https://noticias.uol.com.br/politica/eleicoes/2018/noticias/agencia-estado/2018/04/26/joaquim-barbosa-diz-ser-contra-posicoes-ultraliberais.htm,Congresso em Foco
116,https://noticias.uol.com.br/politica/eleicoes/2018/noticias/agencia-estado/2018/04/26/temer-e-psdb-negociam-chapa-alckmin-meirelles-para-unificar-centro.htm, Assembleia de MG autoriza abertura de processo de impeachment contra Pimentel 
117,https://noticias.uol.com.br/politica/eleicoes/2018/noticias/agencia-estado/2018/04/26/fhc-diz-na-tv-que-escandalo-de-aecio-pode-abalar-campanha-de-alckmin.htm,UOL Notícias - Cotidiano
118,https://noticias.uol.com.br/politica/eleicoes/2018/noticias/bbc/2018/04/26/todos-os-servicos-publicosdeveriam-ser-privatizados-diz-joao-amoedo.htm, Ciro Gomes: você acha que um marginal como Cunha me derrubaria? 
119,https://noticias.uol.com.br/politica/eleicoes/2018/noticias/bbc/2018/04/26/nao-e-possivel-governar-para-todos-mercado-que-tome-rivotril-diz-boulos.htm,Band
120,https://noticias.uol.com.br/politica/eleicoes/2018/noticias/2018/04/26/sem-paes-e-devastado-pela-lava-jato-mdb-rj-apostara-em-candidatura-nanica.htm," Você acha que um marginal como Cunha me derrubaria?, pergunta Ciro Gomes "
121,https://www3.uol.com.br/uolmais/2018/04/26/picciani-diz-que-indecisao-de-paes-sobre-candidatura-o-levou-a-sair-do-mdb.htm,Estadão Conteúdo - Política
122,https://www1.folha.uol.com.br/poder/2018/04/em-campanha-doria-conta-com-pm-que-o-auxiliava-na-prefeitura.shtml, PSB na Câmara exalta Joaquim Barbosa e diz torcer por candidatura 
123,https://noticias.uol.com.br/politica/eleicoes/2018/noticias/2018/04/25/tre-sp-recebe-inquerito-contra-geraldo-alckmin.htm,do UOL
124,https://noticias.uol.com.br/politica/eleicoes/2018/noticias/agencia-estado/2018/04/25/meirelles-diz-que-nao-e-politico-tradicional-e-que-representa-renovacao.htm," Após decisão do STF, Moro diz que há ""outras provas"" além das delações em ações contra Lula "
125,https://noticias.uol.com.br/politica/eleicoes/2018/noticias/agencia-estado/2018/04/25/lider-de-pesquisa-ibope-para-senadores-datena-empolga-dem.htm,UOL Notícias - Política
126,https://noticias.uol.com.br/politica/eleicoes/2018/noticias/agencia-estado/2018/04/25/alckmin-acredito-no-julgamento-popular-e-nao-duvido-que-vamos-crescer.htm," Joaquim Barbosa diz ser contra ""posições ultraliberais"" e ""soluções livrescas"" "
127,https://noticias.uol.com.br/ultimas-noticias/agencia-estado/2018/04/25/decisao-do-stf-abre-brecha-para-lula-anular-condenacao-afirmam-especialistas.htm,Congresso em Foco
128,https://noticias.uol.com.br/politica/ultimas-noticias/2018/04/25/defesa-pede-que-moro-envie-de-imediato-acoes-contra-lula-para-sao-paulo.htm, TSE aprova mudança de nome do PEN para Patriota 
129,https://noticias.uol.com.br/politica/ultimas-noticias/2018/04/25/mpf-diz-que-decisao-de-stf-causara-lamentavel-tumulto-e-que-nao-invalida-depoimentos-de-delatores.htm,do UOL
130,https://noticias.uol.com.br/ultimas-noticias/agencia-estado/2018/04/25/pgr-avalia-recorrer-da-decisao-que-tirou-de-moro-mencoes-da-odebrecht-a-lula.htm, PGR avalia recorrer da decisão que tirou de Moro menções da Odebrecht a Lula 
131,https://noticias.uol.com.br/politica/eleicoes/2018/noticias/agencia-estado/2018/04/25/o-foco-e-chegar-ao-segundo-turno-diz-meirelles.htm,Estadão Conteúdo - Política
132,https://noticias.uol.com.br/politica/ultimas-noticias/2018/04/25/apos-tse-barrar-romario-diz-que-nunca-pensou-em-reeleicao-no-meio-do-mandato.htm," O foco é chegar ao segundo turno, diz Meirelles "
133,https://noticias.uol.com.br/politica/eleicoes/2018/noticias/agencia-estado/2018/04/25/apos-ibope-tasso-jereissati-diz-que-alckmin-precisa-arrumar-palanque-em-sp.htm,Estadão Conteúdo - Política
134,https://noticias.uol.com.br/politica/ultimas-noticias/2018/04/25/a-lei-e-para-todos-diz-alckmin.htm," Após TSE barrar, Romário diz que nunca pensou em reeleição no meio do mandato "
135,https://noticias.uol.com.br/politica/eleicoes/2018/noticias/2018/04/25/com-mdb-indeciso-meirelles-confirma-presenca-como-pre-candidato-em-evento.htm,UOL Notícias - Política
136,http://www.band.com.br/noticias/eleicoes/conteudo.asp?ID=100000910884&t=skaf-temer-me-estimulou-a-ser-candidato," Após Ibope, Tasso Jereissati diz que Alckmin precisa arrumar palanque em SP "
137,https://noticias.uol.com.br/politica/eleicoes/2018/noticias/agencia-estado/2018/04/25/sem-lula-bolsonaro-e-alckmin-estao-empatados-em-sp-aponta-ibope.htm,Estadão Conteúdo - Política
138,https://noticias.uol.com.br/politica/eleicoes/2018/noticias/agencia-estado/2018/04/25/imagem-de-barbosa-melhora-em-relacao-a-marco-aponta-ipsos.htm," A Justiça é para todos, diz Alckmin sobre situação de Eduardo Azeredo "
139,http://congressoemfoco.uol.com.br/noticias/defensor-da-lava-jato-flavio-rocha-doou-para-politicos-investigados-na-lava-jato/,UOL Notícias - Política
140,https://noticias.uol.com.br/politica/ultimas-noticias/2018/04/25/lula-tem-regime-igual-ao-de-outros-presos-da-lava-jato-no-pr.htm," Com MDB indeciso, Meirelles confirma presença como pré-candidato em evento "
141,http://www.band.com.br/noticias/eleicoes/conteudo.asp?ID=100000910863&t=ciro-gomes-nega-chapa-com-haddad-e-preciso-respeitar-o-tempo-do-pt,do UOL
142,http://congressoemfoco.uol.com.br/noticias/tse-proibe-romario-de-concorrer-ao-senado-na-metade-do-mandato-ideia-era-abrir-vaga-para-suplente/, Skaf: Temer me estimulou a ser candidato 
143,https://noticias.uol.com.br/politica/eleicoes/2018/noticias/agencia-estado/2018/04/24/em-resposta-a-romario-tse-veta-reeleicao-de-senador-na-metade-do-mandato.htm,Band
144,https://noticias.uol.com.br/politica/eleicoes/2018/noticias/agencia-estado/2018/04/24/ciro-gomes-nega-chapa-com-haddad-e-preciso-respeitar-o-tempo-do-pt.htm," Sem Lula, Bolsonaro e Alckmin estão empatados em SP, aponta Ibope "
145,https://noticias.uol.com.br/politica/eleicoes/2018/noticias/2018/04/24/ibope.htm,Estadão Conteúdo - Política
146,https://noticias.uol.com.br/politica/eleicoes/2018/noticias/2018/04/24/mpf-diz-que-lula-deve-ficar-na-pf-em-curitiba-por-questao-de-seguranca.htm," Imagem de Barbosa melhora em relação a março, aponta Ipsos "
147,http://www.band.com.br/noticias/eleicoes/conteudo.asp?ID=100000910825&t=ibope-veja-a-intencao-de-voto-dos-eleitores-para-governo-de-sao-paulo,Estadão Conteúdo - Política
148,https://noticias.uol.com.br/politica/ultimas-noticias/2018/04/24/temer-quer-sentir-diretorios-do-mdb-de-olho-em-eventual-candidatura.htm," Defensor da Lava Jato, Flávio Rocha doou para políticos investigados na Lava Jato "
149,https://www1.folha.uol.com.br/poder/2018/04/haddad-nega-articulacao-para-chapa-com-ciro.shtml,Congresso em Foco
150,http://congressoemfoco.uol.com.br/noticias/haddad-nega-ter-se-reunido-com-ciro-para-discutir-alianca-de-centro-esquerda-para-eleicoes/, O tratamento de Lula na prisão é igual ao de outros presos da Lava Jato no PR? 
151,https://noticias.uol.com.br/politica/eleicoes/2018/noticias/agencia-estado/2018/04/24/marina-chama-de-atitude-irresponsavel-do-governo-projeto-de-temer-de-2016.htm,UOL Notícias - Política
152,http://www.band.com.br/noticias/eleicoes/conteudo.asp?ID=100000910720&t=fux-se-resultado-for-fruto-de-fake-news-eleicoes-podem-ser-anuladas, Ciro Gomes nega chapa com Haddad: 'É preciso respeitar o tempo do PT' 
153,http://www.band.com.br/noticias/eleicoes/conteudo.asp?ID=100000910715&t=temos-condicoes-de-ir-ao-2-turno-afirma-luiz-marinho,Band
154,https://noticias.uol.com.br/politica/eleicoes/2018/noticias/agencia-estado/2018/04/24/se-resultado-da-eleicao-for-fruto-de-fake-news-pode-ser-anulado-diz-fux.htm, TSE proíbe Romário de concorrer ao Senado na metade do mandato. Ideia era abrir vaga para suplente 
155,https://noticias.uol.com.br/politica/eleicoes/2018/noticias/agencia-estado/2018/04/24/radicais-chamam-mais-atencao-na-pre-campanha-afirma-meirelles.htm,Congresso em Foco
156,https://noticias.uol.com.br/politica/eleicoes/2018/noticias/agencia-estado/2018/04/24/temer-tenta-ponte-com-o-psdb-skaf-reage-em-sp.htm," Em resposta a Romário, TSE veta reeleição de senador na metade do mandato "
157,https://noticias.uol.com.br/politica/ultimas-noticias/2018/04/24/barbosa-pode-ser-o-1-ministro-do-stf-a-disputar-presidencia-da-republica.htm,Estadão Conteúdo - Política
158,https://noticias.uol.com.br/politica/eleicoes/2018/noticias/2018/04/23/alckmin-diz-estar-tentando-afunilar-candidaturas-para-chegar-ao-2-turno.htm," Ciro Gomes nega chapa com Haddad: ""É preciso respeitar o tempo do PT"" "
159,http://www.band.com.br/noticias/eleicoes/conteudo.asp?ID=100000910644&t=pt-reafirma-candidatura-de-lula-para-presidente-da-republica,Estadão Conteúdo - Política
160,https://noticias.uol.com.br/politica/eleicoes/2018/noticias/2018/04/23/pt-diz-que-lancara-programa-de-governo-de-lula-nas-proximas-semanas.htm," PT diz que lançará programa de governo de Lula ""nas próximas semanas"" "
161,https://noticias.uol.com.br/politica/ultimas-noticias/2018/04/23/dilma-e-barrada-ao-tentar-visitar-lula-na-prisao.htm,do UOL
162,https://noticias.uol.com.br/politica/eleicoes/2018/noticias/agencia-estado/2018/04/23/pt-pode-ficar-a-vontade-para-decidir-sobre-candidatura-diz-lula-em-carta.htm," Barrada ao tentar visitar Lula, Dilma cita ditadura e diz que prisão continua ""golpe"" "
163,https://noticias.uol.com.br/politica/ultimas-noticias/2018/04/23/relator-envia-recurso-de-lula-para-julgamento-pela-2-turma-do-stf.htm,UOL Notícias - Política
164,https://noticias.uol.com.br/politica/eleicoes/2018/noticias/2018/04/23/franca-confirma-troca-no-comando-da-pm-de-sao-paulo.htm," PT pode ficar à vontade para decidir sobre candidatura, diz Lula em carta "
165,https://noticias.uol.com.br/politica/eleicoes/2018/noticias/2018/04/23/nao-e-barbosa-que-diz-se-vai-ser-candidato-e-o-partido-diz-marcio-franca.htm,Estadão Conteúdo - Política
166,https://noticias.uol.com.br/politica/eleicoes/2018/noticias/agencia-estado/2018/04/23/pre-candidatos-ao-bandeirantes-fazem-romaria-a-temer-em-sp.htm, Fachin envia recurso de Lula contra prisão para 2ª Turma do STF 
167,https://noticias.uol.com.br/politica/eleicoes/2018/noticias/bbc/2018/04/23/como-pesquisa-eleitoral-com-2-mil-pessoas-indica-o-voto-de-146-milhoes.htm,UOL Notícias - Política
168,https://noticias.uol.com.br/politica/eleicoes/2018/noticias/2018/04/23/com-lula-preso-pt-se-reune-para-planejar-campanha-do-ex-presidente.htm, França confirma troca no comando da PM de SP; secretário de Segurança fica 
169,https://www1.folha.uol.com.br/poder/2018/04/eleicoes-criam-rachas-entre-aliados-historicos-nos-estados.shtml,do UOL
170,https://www1.folha.uol.com.br/poder/2018/04/psl-de-bolsonaro-pede-mais-verba-de-fundo-que-quer-extinguir.shtml," É o PSB que vai decidir se Barbosa será candidato, diz Márcio França "
171,http://painel.blogfolha.uol.com.br/?p=22120,do UOL
172,http://painel.blogfolha.uol.com.br/?p=22132, Pré-candidatos ao Bandeirantes fazem romaria a Temer em SP 
173,https://noticias.uol.com.br/politica/eleicoes/2018/noticias/agencia-estado/2018/04/22/bolsonaro-critica-pgr-por-denuncia-de-racismo-em-entrevista-a-band.htm,Estadão Conteúdo - Política
174,https://noticias.uol.com.br/politica/eleicoes/2018/noticias/agencia-estado/2018/04/22/medo-de-escandalos-inibe-doacoes-de-eleitores.htm, Como pesquisa eleitoral com 2 mil pessoas indica o voto de 146 milhões 
175,https://noticias.uol.com.br/politica/eleicoes/2018/noticias/agencia-estado/2018/04/22/empresas-regulam-doacoes-eleitorais-de-funcionarios.htm,BBC Brasil
176,https://noticias.uol.com.br/ultimas-noticias/bbc/2018/04/22/os-48-politicos-investigados-na-lava-jato-que-perderao-foro-privilegiado-se-nao-se-reelegerem.htm," Com Lula preso, PT se reúne em Curitiba para planejar campanha de seu líder "
177,http://congressoemfoco.uol.com.br/noticias/eduardo-azeredo-pode-ser-preso-nesta-semana-na-esteira-de-denuncias-contra-aecio-e-alckmin/,do UOL
178,https://noticias.uol.com.br/politica/eleicoes/2018/noticias/2018/04/22/aborto-uniao-gay-e-eleicao-votos-no-stf-revelam-estilo-de-joaquim-barbosa.htm, Eleições criam rachas entre aliados históricos nos estados 
179,https://www1.folha.uol.com.br/poder/2018/04/eleitores-de-lula-nao-querem-plano-b-so-plano-l-e-apontam-falhas-na-esquerda.shtml,Folha.com - Brasil
180,https://www1.folha.uol.com.br/poder/2018/04/presidenciaveis-enfrentam-mais-de-160-investigacoes-em-tribunais-pelo-pais.shtml, PSL de Bolsonaro pede mais verba de fundo que quer extinguir 
181,http://painel.blogfolha.uol.com.br/?p=22103,Folha.com - Brasil
182,https://www1.folha.uol.com.br/colunas/andresinger/2018/04/ideia-fixa.shtml," Prisão de Lula impulsiona filiações, e PT lança campanha com o nome do petista "
183,https://noticias.uol.com.br/politica/ultimas-noticias/2018/04/21/entrevista-washington-olivetto.htm,Folha.com - Brasil
184,https://www1.folha.uol.com.br/poder/2018/04/candidatos-que-fizeram-campanha-presos-podem-abrir-precedente-para-lula.shtml, Indefinição no PT faz caciques do centrão no NE pregarem apoio a Ciro Gomes 
185,http://painel.blogfolha.uol.com.br/?p=22057,Folha.com - Brasil
186,https://www1.folha.uol.com.br/poder/2018/04/alckmin-monitora-namoro-entre-joao-doria-e-flavio-rocha.shtml, Bolsonaro critica PGR por denúncia de racismo em entrevista à Band 
187,https://www1.folha.uol.com.br/poder/2018/04/lutar-junto-com-pt-nao-tira-nossa-autonomia-diz-candidata-do-psol-em-sao-paulo.shtml,Estadão Conteúdo - Política
188,http://painel.blogfolha.uol.com.br/?p=22064, Medo de escândalos inibe doações de eleitores 
189,https://noticias.uol.com.br/ultimas-noticias/agencia-estado/2018/04/20/procuradoria-eleitoral-investiga-policia-do-ma-por-espionagem-de-opositores.htm,Estadão Conteúdo - Política
190,http://www.band.com.br/noticias/eleicoes/conteudo.asp?ID=100000910430&t=doria-diz-que-conversou-com-temer-sobre-quadro-eleitoral, Doria diz que conversou com Temer sobre quadro eleitoral 
191,http://www.band.com.br/noticias/eleicoes/conteudo.asp?ID=100000910409&t=marina-volta-a-sinalizar-que-nao-vai-compor-chapa-com-joaquim-barbosa,Band
192,https://noticias.uol.com.br/politica/eleicoes/2018/noticias/agencia-estado/2018/04/20/marina-volta-a-sinalizar-que-nao-vai-compor-chapa-com-joaquim-barbosa.htm, Marina volta a sinalizar que não vai compor chapa com Joaquim Barbosa 
193,https://noticias.uol.com.br/politica/eleicoes/2018/noticias/agencia-estado/2018/04/20/ministros-parlamentares-transferem-espolios-eleitorais.htm,Band
194,https://noticias.uol.com.br/ultimas-noticias/agencia-estado/2018/04/20/alckmin-diz-que-ve-investigacao-de-natureza-civil-com-tranquilidade.htm, Marina volta a sinalizar que não vai compor chapa com Joaquim Barbosa 
195,https://noticias.uol.com.br/ultimas-noticias/agencia-estado/2018/04/20/ministerio-publico-de-sp-abre-inquerito-contra-alckmin-por-improbidade.htm,Estadão Conteúdo - Política
196,https://noticias.uol.com.br/ultimas-noticias/agencia-estado/2018/04/20/filho-de-eduardo-campos-diz-que-nao-ha-veto-do-psb-pe-a-joaquim-barbosa.htm, Ministros-parlamentares transferem espólios eleitorais 
197,http://www.band.com.br/noticias/eleicoes/conteudo.asp?ID=100000910331&t=ex-tucano-alvaro-dias-alianca-com-psdb-esta-totalmente-descartada,Estadão Conteúdo - Política
198,https://www1.folha.uol.com.br/poder/2018/04/ministerio-publico-abrira-inquerito-contra-alckmin-por-suspeita-de-improbidade.shtml, Alckmin diz que vê investigação 'de natureza civil com tranquilidade' 
199,https://noticias.uol.com.br/ultimas-noticias/agencia-estado/2018/04/20/geraldo-e-um-corredor-de-maratona-afirma-fhc.htm,Estadão Conteúdo - Política
200,https://www1.folha.uol.com.br/colunas/raquellandim/2018/04/marina-bolsonaro-e-barbosa-fazem-acenos-ao-mercado.shtml, Ministério Público de SP abre inquérito contra Alckmin por improbidade 
201,https://noticias.uol.com.br/politica/eleicoes/2018/noticias/agencia-estado/2018/04/20/ex-tucano-alvaro-dias-diz-que-alianca-com-psdb-esta-totalmente-descartada.htm,Estadão Conteúdo - Política
202,https://noticias.uol.com.br/ultimas-noticias/agencia-estado/2018/04/20/pm-do-ma-espiona-liderancas-da-oposicao-que-podem-causar-embaracos-nas-eleicoes.htm, Filho de Eduardo Campos diz que não há veto do PSB-PE a Joaquim Barbosa 
203,https://www1.folha.uol.com.br/poder/2018/04/ciro-escolhe-pupilo-de-duda-como-marqueteiro.shtml,Estadão Conteúdo - Política
204,http://congressoemfoco.uol.com.br/noticias/congresso-em-foco-participa-de-debate-no-senado-sobre-processo-eleitoral-de-2018-acompanhe/, Ex-tucano Álvaro Dias: aliança com PSDB está totalmente descartada 
205,https://noticias.uol.com.br/ultimas-noticias/agencia-estado/2018/04/20/presidente-do-psb-diz-que-eduardo-campos-sofreu-mais-resistencias-do-que-barbosa.htm,Band
206,http://congressoemfoco.uol.com.br/opiniao/colunistas/alianca-do-coliseu-testa-marina-e-passa-recibo-a-vez-do-psdb/, Ministério Público abrirá inquérito contra Alckmin em caso de suspeita de caixa dois 
207,https://noticias.uol.com.br/ultimas-noticias/agencia-estado/2018/04/20/psb-ve-barbosa-alinhado-a-diretriz-economica-da-sigla.htm,Folha.com - Brasil
208,https://noticias.uol.com.br/politica/eleicoes/2018/noticias/agencia-estado/2018/04/19/marina-se-defende-por-apoiar-aecio-em-2014-e-diz-que-nao-sera-vice-em-chapa.htm," 'Geraldo é um corredor de maratona', afirma FHC "
209,https://noticias.uol.com.br/ultimas-noticias/agencia-estado/2018/04/19/defesa-de-lula-pede-prioridade-no-julgamento-do-recurso-do-petista-no-stf.htm,Estadão Conteúdo - Política
210,http://congressoemfoco.uol.com.br/noticias/joaquim-barbosa-diz-que-ainda-nao-se-convenceu-a-ser-candidato-e-que-esta-%e2%80%9cconhecendo%e2%80%9d-psb/," Marina, Bolsonaro e Barbosa fazem acenos ao mercado "
211,https://noticias.uol.com.br/politica/ultimas-noticias/2018/04/19/recurso-de-lula-contra-prisao-sera-enviado-ao-stf.htm,Folha de S. Paulo - Mercado
212,https://www3.uol.com.br/uolmais/2018/04/19/nao-consegui-convencer-a-mim-mesmo-que-devo-ser-candidato-diz-barbosa.htm, Ex-tucano Alvaro Dias diz que aliança com PSDB está 'totalmente descartada' 
213,https://noticias.uol.com.br/politica/ultimas-noticias/2018/04/19/cnbb-pede-voto-em-ficha-limpa-e-reprova-candidato-que-busca-foro-privilegiado.htm,Estadão Conteúdo - Política
214,https://noticias.uol.com.br/politica/ultimas-noticias/2018/04/19/barbosa-diz-que-nao-decidiu-se-sera-candidato-mas-classifica-datafolha-como-muito-bom.htm, PM do MA espiona lideranças da oposição que podem 'causar embaraços' nas eleições 
215,https://noticias.uol.com.br/politica/ultimas-noticias/2018/04/19/lula-recebe-visita-de-familiares-pela-segunda-apos-ser-preso.htm,Estadão Conteúdo - Política
216,https://noticias.uol.com.br/politica/ultimas-noticias/2018/04/19/de-olho-em-reeleicao-temer-precisa-de-forca-para-aprovar-projetos-no-congresso.htm, Ciro escolhe pupilo de Duda como marqueteiro 
217,https://noticias.uol.com.br/politica/eleicoes/2018/noticias/agencia-estado/2018/04/18/minha-candidatura-sera-decidida-em-minas-gerais-diz-aecio.htm,Folha.com - Brasil
218,https://noticias.uol.com.br/politica/eleicoes/2018/noticias/reuters/2018/04/18/haddad-nao-admite-que-pt-abra-mao-de-lula-mas-defende-esquerda-unida.htm, Congresso em Foco participa de debate no Senado sobre processo eleitoral de 2018; acompanhe 
219,https://noticias.uol.com.br/politica/eleicoes/2018/noticias/2018/04/18/em-novo-recado-da-prisao-lula-diz-que-militantes-sao-grito-de-liberdade.htm,Congresso em Foco
220,https://noticias.uol.com.br/politica/eleicoes/2018/noticias/agencia-estado/2018/04/18/marina-volta-a-desconversar-sobre-uniao-com-psb-preservar-legado-da-rede.htm," Marina volta a desconversar sobre união com PSB: ""preservar legado da Rede"" "
221,https://noticias.uol.com.br/politica/eleicoes/2018/noticias/2018/04/18/um-dia-apos-aecio-virar-reu-alckmin-diz-que-psdb-e-muito-diferente-do-pt.htm,Agência Estado
222,http://www.band.com.br/noticias/eleicoes/conteudo.asp?ID=100000909996&t=partidos-de-esquerda-lancam-manifesto-conjunto," Um dia após Aécio virar réu, Alckmin diz que PSDB ""é muito diferente do PT"" "
223,https://www1.folha.uol.com.br/poder/2018/04/para-ambientar-barbosa-na-politica-cupula-do-psb-marca-reuniao-com-ex-ministro.shtml,do UOL
224,http://www.band.com.br/noticias/eleicoes/conteudo.asp?ID=100000909978&t=marina-acredita-que-poder-concorrer-a-presidencia-com-joaquim-barbosa, Partidos de esquerda lançam manifesto conjunto 
225,https://noticias.uol.com.br/ultimas-noticias/agencia-estado/2018/04/18/partidos-de-esquerda-lancam-manifesto-e-ensaiam-discurso-eleitoral-conjunto.htm,Band
226,https://noticias.uol.com.br/politica/eleicoes/2018/noticias/agencia-estado/2018/04/18/marina-cuida-da-candidatura-dela-e-nos-da-nossa-diz-presidente-do-psb.htm," Para ambientar Barbosa na política, cúpula do PSB marca reunião com ex-ministro "
227,https://www1.folha.uol.com.br/poder/2018/04/razao-de-alianca-do-prb-com-mdb-e-chegar-a-vitoria-diz-flavio-rocha.shtml,Folha.com - Brasil
228,https://noticias.uol.com.br/politica/eleicoes/2018/noticias/2018/04/18/meirelles-seria-bom-viee-diz-flavio-rocha-pre-candidato-pelo-prb.htm, Marina acredita que poder concorrer a Presidência com Joaquim Barbosa 
229,https://noticias.uol.com.br/politica/eleicoes/2018/noticias/agencia-estado/2018/04/18/ideal-e-que-aecio-nao-seja-candidato-diz-alckmin-em-entrevista-a-radio.htm,Band
230,https://noticias.uol.com.br/politica/eleicoes/2018/noticias/agencia-estado/2018/04/18/por-apoio-do-psd-alckmin-deve-se-reunir-com-kassab-e-deputados-da-bancada.htm, Partidos de esquerda lançam manifesto e ensaiam discurso eleitoral conjunto 
231,https://noticias.uol.com.br/ultimas-noticias/agencia-estado/2018/04/18/consultor-de-temer-ve-presidente-fora-da-eleicao-e-joaquim-barbosa-forte.htm,Estadão Conteúdo - Política
232,https://noticias.uol.com.br/ultimas-noticias/agencia-estado/2018/04/18/nao-ha-forca-possivel-neste-mundo-que-me-faca-votar-em-doria-diz-goldman.htm," Marina cuida da candidatura dela e nós da nossa, diz presidente do PSB "
233,https://noticias.uol.com.br/ultimas-noticias/agencia-estado/2018/04/18/comissao-do-senado-vai-pedir-em-relatorio-que-lula-tenha-acesso-a-mais-visitas.htm,Agência Estado
234,http://congressoemfoco.uol.com.br/noticias/pauta-economica-do-governo-%e2%80%9cfoi-por-agua-abaixo%e2%80%9d-diz-lider-do-mdb-no-senado/," Razão de aliança do PRB com MDB é chegar à vitória, diz Flavio Rocha "
235,http://painel.blogfolha.uol.com.br/?p=22004,Folha.com - Brasil
236,https://www1.folha.uol.com.br/poder/2018/04/estado-perdulario-deve-acabar-diz-marina-silva.shtml," Meirelles seria bom vice, diz Flávio Rocha, pré-candidato pelo PRB "
237,https://noticias.uol.com.br/ultimas-noticias/agencia-estado/2018/04/17/bolsonaro-diz-que-nao-pretende-se-licenciar-do-mandato-durante-a-campanha.htm,do UOL
238,https://noticias.uol.com.br/ultimas-noticias/agencia-estado/2018/04/17/temer-fara-viagem-para-asia-e-carmen-lucia-deve-assumir-de-novo-a-presidencia.htm," 'Ideal é que Aécio não seja candidato', diz Alckmin em entrevista a rádio "
239,https://noticias.uol.com.br/ultimas-noticias/agencia-estado/2018/04/17/amoedo-diz-duvidar-da-guinada-liberal-de-bolsonaro.htm,Agência Estado
240,http://congressoemfoco.uol.com.br/noticias/stf-libera-ex-senador-demostenes-torres-para-concorrer-nas-eleicoes-deste-ano/," Por apoio do PSD, Alckmin deve se reunir com Kassab e deputados da bancada "
241,https://noticias.uol.com.br/politica/ultimas-noticias/2018/04/17/datafolha-ministro-de-temer-nega-repulsa-pre-candidato-do-mdb-fala-em-historico-de-sucesso.htm,Agência Estado
242,https://gesneroliveira.blogosfera.uol.com.br/2018/04/17/para-evitar-a-armadilha-do-risco-politico/ , Consultor de Temer vê presidente fora da eleição e Joaquim Barbosa forte 
243,http://www.band.com.br/noticias/eleicoes/conteudo.asp?ID=100000909811&t=saudo-a-decisao-dele-de-entrar-na-politica-diz-marina-sobre-barbosa,Estadão Conteúdo - Política
244,https://noticias.uol.com.br/politica/ultimas-noticias/2018/04/17/principal-beneficiada-sem-lula-candidato-marina-diz-que-nao-vai-canibalizar-votos-do-petista.htm," 'Não há força possível neste mundo que me faça votar em Doria', diz Goldman "
245,http://congressoemfoco.uol.com.br/noticias/pesquisas-divergem-sobre-apoio-da-populacao-a-prisao-do-lula/,Estadão Conteúdo - Política
246,https://noticias.uol.com.br/politica/ultimas-noticias/2018/04/17/juiza-barra-4-senadores-e-proibe-equipamentos-eletronicos-em-visita-a-lula.htm," Comissão do Senado vai pedir, em relatório, que Lula tenha acesso a mais visitas "
247,https://noticias.uol.com.br/ultimas-noticias/agencia-estado/2018/04/17/psb-traca-estrategia-para-tornar-joaquim-barbosa-mais-conhecido.htm,Estadão Conteúdo - Política
248,https://noticias.uol.com.br/politica/ultimas-noticias/2018/04/16/mpf-da-parecer-favoravel-a-visitas-de-gleisi-e-zeca-dirceu-a-lula.htm," Pauta econômica do governo ""foi por água abaixo"", diz líder do MDB no Senado "
249,https://noticias.uol.com.br/ultimas-noticias/agencia-estado/2018/04/16/projeto-do-pt-nao-e-o-meu-diz-ciro-gomes.htm,Congresso em Foco
250,https://www3.uol.com.br/uolmais/2018/04/16/gleisi-le-carta-de-lula-continuo-acreditando-na-justica.htm," Gleisi lê carta de Lula: ""Continuo acreditando na Justiça"" "
251,https://noticias.uol.com.br/politica/ultimas-noticias/2018/04/16/gleisi-le-carta-de-lula-para-militancia-continuo-acreditando-na-justica.htm,UOL Notícias
252,https://gesneroliveira.blogosfera.uol.com.br/2018/04/16/candidatos-reformistas-ainda-nao-decolaram/ ," Gleisi lê carta de Lula para militância: ""continuo acreditando na Justiça"" "
253,https://noticias.uol.com.br/politica/ultimas-noticias/2018/04/16/sd-oficializa-aldo-como-nome-a-presidencia-com-promessa-de-pacificar-esquerda-e-direita.htm,UOL Notícias - Política
254,https://noticias.uol.com.br/politica/ultimas-noticias/2018/04/16/com-decisao-de-juiza-lula-nao-deixara-sede-da-pf-antes-de-maio.htm," Gesner Oliveira: Candidatos que apoiam reformas, como a da Previdência, ainda não decolaram "
255,https://noticias.uol.com.br/ultimas-noticias/agencia-estado/2018/04/16/marco-aurelio-sera-o-relator-da-denuncia-que-acusa-jair-bolsonaro-de-racismo.htm,UOL Economia
256,https://noticias.uol.com.br/politica/ultimas-noticias/2018/04/16/pre-candidatos-a-presidencia-se-reunem-com-prefeitos-em-8-de-maio.htm," SD oficializa Aldo como nome à Presidência com promessa de ""pacificar esquerda e direita"" "
257,https://noticias.uol.com.br/politica/ultimas-noticias/2018/04/16/embargos-dos-embargos-mostram-inconformismo-da-defesa-de-lula-diz-mpf.htm,UOL Notícias - Política
258,https://noticias.uol.com.br/politica/ultimas-noticias/2018/04/16/juiza-autoriza-senadores-a-visitarem-lula-na-prisao.htm," Apesar dos pedidos, Lula deve ficar preso na PF de Curitiba ao menos até maio "
259,https://noticias.uol.com.br/politica/ultimas-noticias/2018/04/16/acampamento-pro-lula-perto-da-pf-sera-desmontado-ida-para-parque-e-estudada.htm,UOL Notícias - Política
260,https://noticias.uol.com.br/ultimas-noticias/agencia-estado/2018/04/16/marcio-franca-diz-em-entrevista-que-8-das-intencoes-e-um-excelente-comeco.htm, Marco Aurélio será relator no STF de denúncia por racismo contra Bolsonaro 
261,https://noticias.uol.com.br/politica/ultimas-noticias/2018/04/16/defesa-de-lula-pede-a-juiza-para-que-gleisi-visite-lula-na-prisao-em-curitiba.htm,Estadão Conteúdo - Política
262,http://www.band.com.br/noticias/eleicoes/conteudo.asp?ID=100000909553&t=marcio-franca-classifica-posicao-em-pesquisa-como-excelente, Pré-candidatos à Presidência se reúnem com prefeitos em 8 de maio 
263,http://congressoemfoco.uol.com.br/noticias/rejeicao-a-doria-dispara-mas-tucano-lidera-disputa-ao-governo-de-sao-paulo/,UOL Notícias - Política
264,http://www.band.com.br/noticias/eleicoes/conteudo.asp?ID=100000909522&t=datafolha-com-29-doria-lidera-disputa-pelo-governo-de-sp," Embargos dos embargos mostram ""inconformismo da defesa"" de Lula, diz MPF "
265,http://congressoemfoco.uol.com.br/opiniao/colunistas/%e2%80%9cfake-news%e2%80%9d-qualquer-coisa-e-melhor-do-que-diabo-de-nada/,UOL Notícias - Política
266,https://noticias.uol.com.br/politica/ultimas-noticias/2018/04/16/eleicao-ao-senado-deve-rebaixar-disputa-presidencial-e-ter-duelo-de-suplicys.htm, Juíza autoriza senadores a vistoriar condições de prisão de Lula 
267,https://noticias.uol.com.br/politica/ultimas-noticias/2018/04/16/presidentes-eleitos-desde-1989-tinham-ao-menos-17-das-intencoes-de-voto-em-abril.htm,UOL Notícias - Política
268,https://www1.folha.uol.com.br/poder/2018/04/doria-atinge-a-maior-reprovacao-ao-sair-da-prefeitura-de-sp.shtml, Acampamento pró-Lula perto da PF será desmontado; novo local será escolhido até terça 
269,https://www1.folha.uol.com.br/poder/2018/04/apenas-9-sabem-quem-e-o-governador-de-sao-paulo.shtml,UOL Notícias - Política
270,https://noticias.uol.com.br/politica/ultimas-noticias/2018/04/15/bolsonaro-critica-datafolha-e-diz-que-lidera-apesar-das-pancadas-que-recebe.htm," Márcio França diz, em entrevista, que 8% das intenções é um 'excelente começo' "
271,http://www.band.com.br/noticias/eleicoes/conteudo.asp?ID=100000909502&t=nao-sou-bandido-a-exemplo-do-lula-diz-bolsonaro-apos-denuncia,Estadão Conteúdo - Política
272,https://www1.folha.uol.com.br/poder/2018/04/datafolha-mostra-potencial-de-barbosa-para-psb-e-indefinicao-para-tucanos.shtml, Defesa pede autorização para que Gleisi visite Lula na prisão em Curitiba 
273,https://noticias.uol.com.br/ultimas-noticias/agencia-estado/2018/04/15/para-boulos-datafolha-indica-que-eleicoes-deste-ano-sao-as-mais-imprevisiveis.htm,UOL Notícias - Política
274,https://noticias.uol.com.br/politica/ultimas-noticias/2018/04/15/tranquilidade-dentro-do-esperado-e-nao-tem-volta-veja-a-reacao-de-politicos-ao-datafolha.htm, Márcio França classifica posição em pesquisa como 'excelente' 
275,https://noticias.uol.com.br/ultimas-noticias/agencia-estado/2018/04/15/flavio-rocha-aposta-em-eleitores-indecisos-para-chegar-ao-2-turno.htm,Band
276,https://noticias.uol.com.br/ultimas-noticias/agencia-estado/2018/04/15/com-1-meirelles-diz-que-datafolha-veio-dentro-do-esperado.htm," Rejeição a Doria dispara, mas tucano lidera disputa ao governo de São Paulo "
277,https://www1.folha.uol.com.br/poder/2018/04/alckmin-fica-empatado-com-bolsonaro-e-marina-em-sao-paulo.shtml,Congresso em Foco
278,https://noticias.uol.com.br/ultimas-noticias/agencia-estado/2018/04/15/sem-tempo-de-tv-bolsonaro-e-marina-devem-perder-forca-diz-analista.htm," Datafolha: Com 29%, Doria lidera disputa pelo governo de SP "
279,https://noticias.uol.com.br/ultimas-noticias/agencia-estado/2018/04/15/para-alckmin-decisao-do-eleitor-vira-a-partir-de-agosto.htm,Band
280,https://noticias.uol.com.br/ultimas-noticias/agencia-estado/2018/04/15/marina-silva-diz-estar-preocupada-com-risco-de-extrema-polarizacao.htm," Marina diz que pesquisa é ""momento"" e que está preocupada com ""risco de extrema polarização"" "
281,https://noticias.uol.com.br/ultimas-noticias/agencia-estado/2018/04/15/maia-nao-ve-surpresa-em-datafolha-e-diz-que-indefinicao-aumenta-sem-lula.htm,Estadão Conteúdo - Política
282,https://noticias.uol.com.br/ultimas-noticias/agencia-estado/2018/04/15/barbosa-teve-desempenho-aquem-do-potencial-diz-presidente-do-psb-sobre-pesquisa.htm, Maia não vê surpresa em Datafolha e diz que indefinição aumenta sem Lula 
283,https://noticias.uol.com.br/politica/ultimas-noticias/2018/04/15/apoio-de-temer-e-toxico-e-afasta-86-dos-eleitores-aponta-datafolha.htm,Estadão Conteúdo - Política
284,https://economia.uol.com.br/noticias/estadao-conteudo/2018/04/15/a-velha-politica-morreu-em-praca-publica.htm," Barbosa teve desempenho aquém do potencial, diz presidente do PSB sobre pesquisa "
285,http://www.band.com.br/noticias/eleicoes/conteudo.asp?ID=100000909471&t=pt-reforca-que-lula-sera-candidato-aconteca-o-que-acontecer,Estadão Conteúdo - Política
286,https://noticias.uol.com.br/ultimas-noticias/agencia-estado/2018/04/15/imaginavamos-uma-queda-de-bolsonaro-na-pesquisa-diz-presidente-do-pdt.htm, Datafolha: Temer tem pior índice entre candidatos à reeleição e seu apoio afastaria 86% dos eleitores 
287,http://www.band.com.br/noticias/eleicoes/conteudo.asp?ID=100000909459&t=clima-de-campanha-eleitoral-ainda-nao-comecou-no-pais-diz-colunista,UOL Notícias - Política
288,https://www1.folha.uol.com.br/ilustrissima/2018/04/pessimista-com-judiciario-lula-planejou-todos-os-passos-de-sua-prisao.shtml, 'A velha política morreu em praça pública' 
289,http://www.band.com.br/noticias/eleicoes/conteudo.asp?ID=100000909458&t=eleitores-acreditam-que-lula-nao-sera-candidato-diz-colunista,Estadão Conteúdo
290,https://noticias.uol.com.br/ultimas-noticias/agencia-estado/2018/04/15/pt-critica-datafolha-e-reforca-que-lula-sera-candidato-aconteca-o-que-acontecer.htm, PT reforça que Lula será candidato aconteça o que acontecer 
291,http://congressoemfoco.uol.com.br/noticias/eleicao-muda-mapa-do-poder-psb-cresce-nos-estados-psdb-encolhe-e-pt-perde-sua-unica-capital/,Band
292,https://www1.folha.uol.com.br/poder/2018/04/eleitor-de-baixa-renda-e-petistas-reduzem-crenca-em-candidatura-de-lula.shtml," Presidente do PDT celebra índice de Ciro no Datafolha, mas admite preocupação com Bolsonaro "
293,https://www1.folha.uol.com.br/poder/2018/04/maioria-ve-como-justa-prisao-de-ex-presidente.shtml,Estadão Conteúdo - Política
294,http://painel.blogfolha.uol.com.br/?p=21971," Clima de campanha eleitoral ainda não começou no país, diz colunista "
295,http://www.band.com.br/noticias/eleicoes/conteudo.asp?ID=100000909451&t=pesquisa-mostra-indice-elevado-de-votos-brancos-ou-nulos,Band
296,http://painel.blogfolha.uol.com.br/?p=21967," Pessimista com Judiciário, Lula planejou todos os passos de sua prisão "
297,https://www1.folha.uol.com.br/poder/2018/04/ciro-e-marina-herdam-votos-de-lula-mas-perdem-para-indecisos.shtml," Eleitores acreditam que Lula não será candidato, diz colunista "
298,https://www1.folha.uol.com.br/poder/2018/04/prisao-enfraquece-lula-e-poe-marina-perto-de-bolsonaro-diz-datafolha.shtml,Band
299,https://noticias.uol.com.br/ultimas-noticias/agencia-estado/2018/04/15/manuela-davila-comemora-resultado-do-datafolha-e-convoa-militantes-nas-redes.htm," PT critica Datafolha e reforça que Lula será candidato ""aconteça o que acontecer"" "
300,https://noticias.uol.com.br/ultimas-noticias/agencia-estado/2018/04/15/bolsonaro-e-ciro-trazem-instabilidade-afirma-meirelles.htm,Estadão Conteúdo - Política
301,http://www.band.com.br/noticias/eleicoes/conteudo.asp?ID=100000909438&t=alckmin-aparece-empatado-com-bolsonaro-em-sp-aponta-pesquisa," Eleição muda mapa do poder: PSB cresce nos estados, PSDB encolhe e PT perde sua única capital "
302,http://www.band.com.br/noticias/eleicoes/conteudo.asp?ID=100000909437&t=datafolha-2-3-dos-eleitores-de-lula-diz-que-votara-em-quem-ele-apoiar,Congresso em Foco
303,http://congressoemfoco.uol.com.br/noticias/maioria-considera-justa-prisao-de-lula-e-nao-acredita-que-ele-concorrera-em-outubro-aponta-datafolha/, Eleitor de baixa renda e petistas reduzem crença em candidatura de Lula 
304,https://noticias.uol.com.br/ultimas-noticias/deutschewelle/2018/04/15/quem-vai-ficar-com-o-espolio-eleitoral-de-lula.htm,Folha.com - Brasil
305,https://noticias.uol.com.br/ultimas-noticias/agencia-estado/2018/04/15/datafolha-pesquisa-espontanea-mostra-indice-elevado-de-votos-brancos-ou-nulos--.htm, Datafolha: Maioria vê como justa prisão do ex-presidente Lula 
306,https://noticias.uol.com.br/ultimas-noticias/agencia-estado/2018/04/15/datafolha-23-dos-eleitores-de-lula-diz-que-votara-em-quem-ele-apoiar.htm,Folha.com - Brasil
307,http://congressoemfoco.uol.com.br/noticias/preso-lula-perde-apoio-mas-ainda-lidera-sem-ele-marina-empata-com-bolsonaro-aponta-datafolha/," PSDB perdeu terreno para outros nomes no Sul e no Sudeste, mostra Datafolha "
308,https://noticias.uol.com.br/ultimas-noticias/agencia-estado/2018/04/15/sem-regra-pre-campanha-vira-vale-tudo-eleitoral.htm,Folha.com - Brasil
309,https://noticias.uol.com.br/politica/ultimas-noticias/2018/04/15/escamotear-a-realidade-e-tatica-dos-condenados-diz-alvaro-dias-sobre-prisao-de-lula.htm, Pesquisa mostra índice elevado de votos brancos ou nulos 
