,links,noticia,titulos,categorias
0,https://noticias.uol.com.br/politica/eleicoes/2018/noticias/2018/05/22/mp-e-judiciario-querem-governar-no-lugar-de-todo-mundo-diz-ciro-gomes.htm,"Carine Wallauer/UOL Ciro Gomes durante sabatina no UOL  O pré-candidato do PDT à Presidência da República, Ciro Gomes, criticou nesta terça-feira (22) o que chamou de ""invasão absolutamente intolerável"" de atribuições democráticas por parte do Ministério Público e do Poder Judiciário, que, para ele, querem governar no lugar do Executivo.  A fala do presidenciável ocorreu durante a 21ª Marcha a Brasília em defesa dos municípios, mais conhecida como a ""marcha dos prefeitos"". O evento é realizado pela CNM (Confederação Nacional dos Municípios) e reúne centenas de chefes do Executivo e secretários municipais.  ""Hoje o Congresso Nacional é desmoralizado, o Poder federal desmoralizado, a autoridade política é desmoralizada, há uma invasão absolutamente intolerável, que tem de ser posto fim a ela, de atribuições democráticas por Poderes que não são votados"", declarou Gomes.  ""O Ministério Público quer governar no lugar de todo mundo. O Judiciário quer governar no lugar de todo mundo"", completou o pré-candidato, sendo bastante aplaudido pelos participantes do evento.  Ele não explicou, no entanto, de que forma atuaria como presidente, se for eleito, para impedir que isso aconteça. Também não citou nominalmente procuradores ou juízes.  Ciro foi o segundo presidenciável a falar na marcha, sucedendo o senador Alvaro Dias (Podemos-PR). Ainda nesta terça, falam as pré-candidatas Marina Silva (Rede) e Manuela D'Ávila (PCdoB).  Antes do discurso de Ciro, o senador Alvaro Dias, ferrenho defensor da Operação Lava Jato, declarou à plateia que ""temos que assumir a condição de agente público e pedir perdão ao Brasil pelo estágio de subdesenvolvimento em que nós nos encontramos"".  ""Esse sistema é corrupto, fracassou, tem que ser substituído. O Brasil hoje não está dividido entre esquerda e direita, está dividido entre os honestos e os ladrões da República, que assaltaram o país [...] Nós podemos mudar esse país"", discursou, em tom exaltado.  Ao dizer que o país está ""desarrumado"", Dias convocou os prefeitos a ""reviver a fé perdida nas estradas da decepção"". ""Vamos caminhar por esses caminhos difíceis na direção no nosso futuro"", declarou.  Nesta quarta-feira (23), outros quatro presidenciáveis participarão do evento: Jair Bolsonaro (PSL), Afif Domingos (PSD), Geraldo Alckmin (PSDB) e Henrique Meirelles (MDB). Além das falas, haverá a leitura de uma carta do ex-presidente Luiz Inácio Lula da Silva, pré-candidato do PT que está preso desde o dia 7 de abril.","MP e Judiciário querem governar no lugar de todo mundo, diz Ciro Gomes","{'pcdob', 'pdt', 'psdb', 'psd', 'psl', 'pmdb', 'df', 'pr', 'rede', 'pt'}"
1,https://noticias.uol.com.br/politica/eleicoes/2018/noticias/agencia-estado/2018/05/22/alvaro-dias-diz-que-brasil-esta-dividido-entre-honestos-e-ladroes.htm,0,Alvaro Dias diz que Brasil está dividido entre 'honestos e ladrões',set()
2,https://noticias.uol.com.br/politica/eleicoes/2018/noticias/bbc/2018/05/22/lula-esta-colhendo-o-que-plantou-diz-presidenciavel-do-pstu.htm,"BBC BRASIL Vera Lúcia à frente de desenho na parede que mostra Leon Trotsky e o logo da 4ª Internacional  O que acontecerá se a ex-operária e sindicalista Vera Lúcia Salgado, 50, tomar posse como presidente da República no dia 1º de janeiro de 2019, eleita pelo Partido Socialista dos Trabalhadores Unificado (PSTU)? No dia 02 de janeiro, diz ela, todas as medidas de Michel Temer serão revogadas, as empreiteiras envolvidas na Lava Jato serão estatizadas.  ""E depois disso, dizer aos trabalhadores que se organizem nos conselhos populares, porque eles precisam tomar o rumo do país. Porque não dá para governar com o Congresso eleito dentro dos marcos que ele é eleito hoje"", diz ela. No momento, porém, as chances da sindicalista nordestina chegar à Presidência são remotas, de acordo com as últimas pesquisas eleitorais.  Nascida em uma família pobre do sertão pernambucano e crescida em Aracaju (SE), Vera Lúcia Salgado, 50, representa uma renovação no PSTU: desde 1998, o partido é representado na disputa presidencial por José Maria de Almeida, o Zé Maria. Ao longo da vida, Vera Lúcia trabalhou como garçonete, faxineira e até datilógrafa. A militância política surgiu no fim dos anos 1980 e começo dos anos 1990, quando ela já trabalhava como costureira na indústria calçadista da capital sergipana - ela participou da fundação e dirigiu o sindicato de sua categoria no Estado.  ","'Lula está colhendo o que plantou', diz presidenciável do PSTU","{'pstu', 'se'}"
3,https://noticias.uol.com.br/politica/eleicoes/2018/noticias/2018/05/22/uol-folha-e-sbt-entrevistam-geraldo-alckmin.htm,"Fábio Vieira/Fotorua/Estadão Conteúdo Geraldo Alckmin, pré-candidato pelo PSDB à Presidência  O   Alckmin será o terceiro pré-candidato sabatinado da série.   Se a candidatura de Alckmin for confirmada, será a segunda vez que o político disputará a Presidência da República. Na tentativa de chegar ao Palácio do Planalto em 2006, ele foi derrotado no segundo turno pelo candidato à reeleição Luiz Inácio Lula da Silva. O tucano obteve 39,17% dos votos válidos, o que representa cerca de 37,5 milhões de eleitores.  Alckmin começou a carreira política no então PMDB, aos 19 anos, como vereador de Pindamonhangaba (SP) em 1972. Na sequência, elegeu-se prefeito da cidade pelo hoje MDB. Depois, tornou-se deputado estadual e federal por São Paulo.   Em 1988, Alckmin foi um dos fundadores do PSDB. Elegeu-se vice-governador na chapa de Mário Covas em 1994. Em 2001, assumiu o governo de São Paulo após a morte de Covas e se reelegeu em 2002.  Em 2010, elegeu-se novamente para o governo de São Paulo e foi reeleito em 2014. Em dezembro de 2017, tornou-se presidente nacional do PSDB e anunciou sua pré-candidatura ao Palácio do Planalto.  Na sabatina, Alckmin será entrevistado pelos jornalistas Diogo Pinheiro, chefe de reportagem do   Nesta quinta-feira (24), acontece a sabatina com o pré-candidata   Esta é a terceira eleição consecutiva em que o   As regras de participação nas sabatinas e debates foram definidas em reunião na sede do SBT no dia 22 de março, com representantes de 18 dos 35 partidos registrados no TSE (Tribunal Superior Eleitoral).  Foram convidados os seis candidatos à Presidência mais bem colocados na pesquisa Datafolha divulgada em 16 de abril.   Depois dos presidenciáveis,   O debate de primeiro turno entre os políticos que disputarão a eleição está previsto para o dia 26 de setembro. Em um eventual segundo turno, o debate será realizado no dia 17 de outubro. Os dois eventos terão duração de uma hora e vinte e cinco minutos (das 18h20 às 19h45) e serão realizados no estúdio do SBT.  A transmissão ao vivo será feita em TV aberta, nos sites do ","UOL, Folha e SBT entrevistam Geraldo Alckmin nesta quarta","{'sp', 'psdb', 'pmdb'}"
4,http://www.band.com.br/noticias/eleicoes/conteudo.asp?ID=100000914730&t=invadiu-e-chumbo-afirma-bolsonaro-sobre-movimentos-por-moradia," A transmissão ao vivo será feita em TV aberta, nos sites do   A transmissão ao vivo será feita em TV aberta, nos sites do   A transmissão ao vivo será feita em TV aberta, nos sites do   A transmissão ao vivo será feita em TV aberta, nos sites do   A transmissão ao vivo será feita em TV aberta, nos sites do   A transmissão ao vivo será feita em TV aberta, nos sites do   A transmissão ao vivo será feita em TV aberta, nos sites do   A transmissão ao vivo será feita em TV aberta, nos sites do   A transmissão ao vivo será feita em TV aberta, nos sites do   A transmissão ao vivo será feita em TV aberta, nos sites do   A transmissão ao vivo será feita em TV aberta, nos sites do   A transmissão ao vivo será feita em TV aberta, nos sites do   A transmissão ao vivo será feita em TV aberta, nos sites do   A transmissão ao vivo será feita em TV aberta, nos sites do   A transmissão ao vivo será feita em TV aberta, nos sites do   A transmissão ao vivo será feita em TV aberta, nos sites do   A transmissão ao vivo será feita em TV aberta, nos sites do   A transmissão ao vivo será feita em TV aberta, nos sites do   A transmissão ao vivo será feita em TV aberta, nos sites do ","'Invadiu? É chumbo', afirma Bolsonaro sobre movimentos por moradia",set()
5,https://noticias.uol.com.br/politica/eleicoes/2018/noticias/agencia-estado/2018/05/22/doria-trava-disputa-com-marcio-franca-por-tempo-na-tv.htm,"Marcelo Chello/CJPress/Estadão Conteúdo João Doria (PSDB) trava com o governador uma disputa por adesões partidárias para formar o maior tempo de TV  Pré-candidato ao governo paulista, o ex-prefeito de São Paulo João Doria (PSDB) trava com o governador Márcio França (PSB), candidato à reeleição, uma disputa por adesões partidárias para formar o maior tempo de TV no horário eleitoral gratuito.  Doria anuncia nesta terça-feira (22) em um ato político na capital o apoio do pequeno PTC (Partido Trabalhista Cristão). A coligação do tucano também conta com o PSD, que tem uma das maiores bancadas da Câmara (e é um dos maiores tempos de TV).  França, por sua vez, já fechou com PR, PPS, Solidariedade, Podemos, Avante, PUS, PSC, PRP e PPL. O governador paulista mantém negociação avançada com o PCdoB e PDT, que também são assediados pelo PT, que lançou Luiz Marinho na disputa.  O PSOL terá candidatura própria, já lançada. E o MDB, que lançou sozinho o empresário Paulo Skaf na eleição, disputa com França e Doria o apoio de duas legendas grandes, que estão negociando em bloco: PP e DEM. O DEM quer emplacar Rodrigo Garcia como vice em uma chapa competitiva. O governador paulista teria ""20 minutos"" no programa eleitoral na TV.",Doria trava disputa com Márcio França por tempo na TV,"{'pcdob', 'pdt', 'psol', 'psdb', 'psb', 'ptc', 'psd', 'psc', 'prp', 'pmdb', 'dem', 'pps', 'pr', 'ppl', 'pt', 'sp', 'pp'}"
6,https://noticias.uol.com.br/politica/eleicoes/2018/noticias/agencia-estado/2018/05/22/grande-parte-dos-partidos-nao-vale-nada-diz-bolsonaro.htm,"Gustavo Maia/UOL  O deputado Jair Bolsonaro (RJ), pré-candidato do PSL à Presidência da República, afirmou nesta terça-feira, 22, que não confia na grande maioria dos partidos políticos brasileiros e que, caso eleito, irá negociar ""no varejo"" com os parlamentares, ou seja, individualmente.  ""Queremos conversar com os parlamentares de forma individual, tirar a negociação do jugo do líder partidário"", defendeu o congressista, que participou de sabatina na rádio   Bolsonaro deu como exemplo a relação que tem com o senador Magno Malta (PR-ES), que é cotado como vice em sua chapa. ""Tenho namorado o Malta, por mim fecharia com ele hoje. Mas não estive com o Waldemar da Costa Neto (presidente da sigla), como noticiaram. Meu acordo será com o Magno Malta"", afirmou.  Em meio a chavões conhecidos de sua campanha como a de que prefere ""cadeia cheia de vagabundo que cemitério cheio de inocentes"", Bolsonaro também fez uma avaliação do cenário eleitoral neste momento.  Disse entender que dadas as pesquisas eleitorais, deve ir para o segundo turno com Marina Silva (Rede) ou Ciro Gomes (PDT), a depender de quem o PT ""dar uma forcinha"". ""Para mim, tanto faz"", acrescentou.  O deputado disse ainda não ter obsessão pelo poder e lembrou que o tempo de TV a que deve ter direito esse ano é ""metade do Enéas"", em referência ao falecido Enéas Carneiro (Prona), candidato à presidência em 1989, 1994 e 1998, que na TV tinha apenas tempo de dizer; ""Meu nome é Enéas"".  Questionado sobre se tem receio em assumir a Presidência ou se, dada as grandes chances de ter uma base aliada pequena em sua gestão, sofrer um processo de impeachment, Bolsonaro disse que é claro que há receio em assumir a cadeira presidencial, mas fará ""o melhor"" caso vença o pleito deste ano - e que, em caso de impedimento, tem certeza que ""não seria por corrupção"".  Ele ainda admitiu que votou no PT em 2002, quando ainda simpatizava com o ex-presidente Luiz Inácio Lula da Silva. ""Achei que respeitariam a lei, conversava com o (José) Genoino"", contou o parlamentar, que está no Congresso desde 1991. O voto no petista, prosseguiu, não se repetiu em 2006.  Apesar de contabilizar grande tempo em Brasília, o congressista também considerou ter chances de encarnar o ""novo"" nas eleições de outubro. ""No tocante ao Executivo, eu sou virgem"", disse.  Sobre a eleição estadual em São Paulo, Bolsonaro disse ter ""simpatia"" pela candidatura de Paulo Skaf (MDB).","'Grande parte dos partidos não vale nada', diz Bolsonaro","{'rj', 'pdt', 'es', 'psl', 'pmdb', 'df', 'pr', 'rede', 'ac', 'pt', 'sp'}"
7,http://www.band.com.br/noticias/eleicoes/conteudo.asp?ID=100000914716&t=bolsonaro-diz-ter-evoluido-no-posicionamento-economico," Sobre a eleição estadual em São Paulo, Bolsonaro disse ter ""simpatia"" pela candidatura de Paulo Skaf (MDB).  Sobre a eleição estadual em São Paulo, Bolsonaro disse ter ""simpatia"" pela candidatura de Paulo Skaf (MDB).  Sobre a eleição estadual em São Paulo, Bolsonaro disse ter ""simpatia"" pela candidatura de Paulo Skaf (MDB).  Sobre a eleição estadual em São Paulo, Bolsonaro disse ter ""simpatia"" pela candidatura de Paulo Skaf (MDB).  Sobre a eleição estadual em São Paulo, Bolsonaro disse ter ""simpatia"" pela candidatura de Paulo Skaf (MDB).  Sobre a eleição estadual em São Paulo, Bolsonaro disse ter ""simpatia"" pela candidatura de Paulo Skaf (MDB).  Sobre a eleição estadual em São Paulo, Bolsonaro disse ter ""simpatia"" pela candidatura de Paulo Skaf (MDB).  Sobre a eleição estadual em São Paulo, Bolsonaro disse ter ""simpatia"" pela candidatura de Paulo Skaf (MDB).  Sobre a eleição estadual em São Paulo, Bolsonaro disse ter ""simpatia"" pela candidatura de Paulo Skaf (MDB).  Sobre a eleição estadual em São Paulo, Bolsonaro disse ter ""simpatia"" pela candidatura de Paulo Skaf (MDB).  Sobre a eleição estadual em São Paulo, Bolsonaro disse ter ""simpatia"" pela candidatura de Paulo Skaf (MDB).",Bolsonaro diz ter evoluído no posicionamento econômico,"{'sp', 'pmdb'}"
8,https://noticias.uol.com.br/politica/eleicoes/2018/noticias/2018/05/22/mdb-lanca-programa-de-governo-e-confirma-candidatura-propria-a-presidencia.htm,"Pedro Ladeira/Folhapress Henrique Meirelles cumprimenta Temer em evento do MDB que selou que o ex-ministro será pré-candidato do partido  O presidente Michel Temer (MDB) confirmou nesta terça-feira (22) que não disputará a reeleição e Henrique Meirelles será o candidato do MDB à Presidência nas eleições de outubro deste ano. Meirelles foi ministro da Fazenda de Temer e lançou sua pré-candidatura no início de abril. O partido também lançou nesta terça o programa de governo ""Encontro com o Futuro"".  Em determinado momento do discurso, ao comentar os feitos de seu governo, Temer disse esperar que Meirelles pegue o comando do país com ""tranquilidade absoluta"" e desejou que o ex-ministro seja o único candidato de centro nas eleições.  ""Tenho enorme prazer de dizer que ficarei orgulhosíssimo se um dia Meirelles for proclamado, pelo voto popular, presidente da República Federativa do Brasil"", declarou. Ao que o público presente aplaudiu a frase, mas sem o entusiasmo desejado, Temer ponderou que é preciso ""animar um pouco o auditório"".  ""Meirelles, você tem todas as condições para estar à frente não só de nosso partido, mas da própria campanha eleitoral e, naturalmente, será uma surpresa.""  Temer foi enfático ao dizer que o MDB deve obrigatoriamente apoiar a candidatura de Meirelles e que não há espaço para divergências internas que possam prejudicar a campanha. Ao contrário, disse, o descontente deverá se desfiliar do partido.  ""Pode haver divergência, mas divergência que será resolvida até a convenção nacional. Mas, vamos parar com essa história de 'ah, não. Mas eu não. Eu vou para tal lugar. Eu não apoio o Meirelles. Eu não apoio fulano.' Não pode. Então, saia do partido! Não é verdade? Não é possível isso aí. Temos de ter unidade absoluta"", determinou.  Tanto Romero Jucá (MDB-RR) quanto Meirelles alegaram que Temer não desistiu de ser candidato à reeleição. Segundo eles, o MDB é que escolheu Meirelles. Agora, disse Jucá, o MDB se esforçará para atrair os demais partidos de centro.  A pluralidade de pré-candidatos à Presidência da base aliada do governo preocupa o MDB na medida em que os votos desses eleitores possam se dissipar e acabar ajudando a eleger um candidato de esquerda, como Lula (PT) ou seu sucessor, ou de extrema-direita, como Jair Bolsonaro (PSL).  ""[A escolha por Meirelles] Foi um gesto afirmativo. Portanto, agora é uma questão de trabalhar. A união dos demais partidos agora começa a ser conversada. [...] Se [eu] for [o único candidato de centro] no primeiro turno, excelente. Se não for, temos segurança de que seremos no segundo turno"", declarou.  Meirelles já era dado como certo dentro do MDB. Ele tem intensificado visitas a parlamentares do partido e ajudou a escrever o texto do ""Encontro"".  Algumas das vantagens de Meirelles perante Temer, que cogitou por um tempo ser candidato à reeleição, é a menor rejeição da população ao seu nome, a possibilidade de poder bancar toda sua campanha com recursos próprios – liberando verba para deputados e senadores – e a flexibilização de dissidentes de Temer no MDB poderem fazer alianças regionais junto a partidos de esquerda, como o presidente do Senado, Eunício Oliveira, no Ceará.  Por ter sido presidente do Banco Central no governo do ex-presidente Luiz Inácio Lula da Silva (PT), Meirelles é visto como esperança do MDB para conseguir votos de simpatizantes do petista, atualmente preso e proibido de participar do pleito deste ano.  Questionado se Temer é um bom cabo eleitoral e como este atuará em sua campanha, Meirelles inicialmente desconversou afirmando que o presidente, no exercício da função, ainda tem sete meses pela frente. Portanto, terá de se concentrar no trabalho do Planalto.  ""Olha, o presidente certamente será um cabo eleitoral positivo, porque ele está realizando. O governo está mostrando crescimento, criação de emprego, renda, e os resultados falam por si só. É importante dizer também que o meu histórico é um histórico de uma reputação inquestionável"", argumentou Meirelles.  Em seguida, porém, o pré-candidato do MDB afirmou que seu palanque abrigará todos aqueles dispostos a apoiá-lo e Temer ""certamente participará dos eventos que ele julgar adequado na hora certa"".  Em entrevista à imprensa após o anúncio, o senador Romero Jucá disse que as alianças estaduais estão liberadas e o MDB deverá estar em palanques que defenderão mais de um candidato à Presidência.  Indagado pelo   ""Não vai haver a proibição de nenhuma composição estadual"", afirmou Jucá. ""Vamos fazer campanha com a realidade que nós temos.""  Quanto aos líderes nordestinos, Meirelles reforçou que o ""Encontro"" propõe políticas específicas para a região e esta será uma prioridade em seu eventual governo.  O ""Encontro"" tem 41 páginas e traz a análise de cenários políticos e socioeconômicos e diretrizes de como lidar com os problemas do país no próximo governo. Ele é considerado uma continuação do ""Ponte para o Futuro"", lançado pelo MDB no final de 2015, quando do início do estremecimento das relações do partido com a ex-presidente Dilma Rousseff, do PT. Meses depois, ela sofreria impeachment e o presidente Michel Temer, então como vice, assumiu seu lugar.",MDB lança programa de governo e Temer confirma candidatura de Meirelles,"{'psl', 'pmdb', 'pa', 'ce', 'pt', 'rr'}"
9,https://noticias.uol.com.br/politica/eleicoes/2018/noticias/agencia-estado/2018/05/22/reforma-da-previdencia-deve-acabar-com-fabrica-de-marajas-diz-bolsonaro.htm,0,"Reforma da Previdência deve acabar com 'fábrica de marajás', diz Bolsonaro",set()
10,https://noticias.uol.com.br/politica/eleicoes/2018/noticias/agencia-estado/2018/05/21/tse-nao-deve-decidir-sobre-cota-feminina-no-fundo-eleitoral.htm,"Sergio Lima/Folhapress Sede do TSE em Brasília  Um parecer da área técnica do Tribunal Superior Eleitoral (TSE) obtido pelo Broadcast Político, serviço de notícias em tempo real do Grupo Estado, recomenda que o tribunal não decida sobre a fixação de um patamar mínimo de 30% do bilionário Fundo Especial de Financiamento de Campanha (FEFC) para candidaturas femininas. Sem entrar no mérito da questão, o parecer alega que a consulta apresentada por um grupo de deputadas e senadoras não é a via processual adequada para tratar do assunto, pois pretende transferir um entendimento firmado no Supremo Tribunal Federal (STF) em torno do Fundo Partidário para o FEFC na arena eleitoral. Conforme o documento, o TSE ""não pode atuar em substituição ao STF"".  A manifestação da área técnica do TSE é de caráter consultivo, e não vinculativo - ou seja, o documento é levado em consideração pelos ministros, mas o plenário pode firmar um entendimento em sentido contrário. A relatora do caso é a ministra Rosa Weber, que assumirá o comando do tribunal durante as eleições. ""O tema é importante porque as mulheres são importantes"", disse a ministra à reportagem. O caso deve ser discutido pelo plenário do TSE na noite desta terça-feira, 22.  No dia 15 de março, o STF determinou que pelo menos 30% do total de recursos do Fundo Partidário destinado a campanhas eleitorais devem ser destinados às candidaturas femininas, considerando que a legislação eleitoral prevê que os partidos têm de reservar 30% das vagas em eleições para mulheres.  Tanto o fundo partidário quanto o fundo eleitoral são abastecidos com verbas públicas. O primeiro é destinado à manutenção das siglas e pode ser usado nas eleições, enquanto o segundo é exclusivo para as campanhas.  Depois do julgamento no STF, um grupo liderado pelas senadoras Vanessa Grazziotin (PCdoB-AM) e Lídice da Mata (PSB-BA) apresentou uma consulta no TSE sobre a distribuição de recursos do fundo eleitoral, que será implantado pela primeira vez neste ano. As parlamentares questionam se o patamar legal mínimo de 30% para candidaturas femininas também deve ser aplicado para a distribuição de recursos do FEFC e do tempo na propaganda eleitoral gratuita no rádio e na televisão.  ""Conquanto se reconheça a importância do tema, tendo em vista a histórica disparidade entre a representação feminina e masculina no parlamento, bem como a patente necessidade de instrumentos que confiram efetividade às ações afirmativas destinadas à correção dessa distorção, a consulta não é o meio procedimental adequado à análise da pretensão"", conclui o parecer, assinado pela analista judiciária do TSE Natália Alves Resende Gonçalves.  Segundo o parecer, as parlamentares não trouxeram à consulta ""o saneamento de mera dúvida quanto à aplicação e interpretação da legislação eleitoral ou da jurisprudência"", mas, sim, buscam ampliar o entendimento do STF sobre o Fundo Partidário para outras situações não analisadas naquele julgamento.  O atual presidente da Corte Eleitoral, ministro Luiz Fux, disse por meio de sua assessoria que não pode se manifestar sobre algo que eventualmente deve ser julgado pelo plenário.  Para a senadora Vanessa Grazziotin, a decisão do STF do mês passado ""foi muito importante para estabelecer um mínimo de condições para as candidatas"". ""Temos certeza de que o TSE irá avançar e aplicar este entendimento também ao Fundo Eleitoral. Só sairemos da vergonhosa posição de um dos países com menor participação política das mulheres, com um mínimo de equilíbrio de recursos para as campanhas"", afirmou.  Na avaliação de Lídice da Mata, o TSE deve esclarecer lacunas relacionadas às próximas eleições. ""As mulheres, por sua dupla e até tripla jornada de trabalho, em casa e nas suas profissões, não encontram incentivo para participar da política. Nossa expectativa é de que os investimentos dos recursos tenham melhor distribuição. Assim, a chance de mais mulheres serem eleitas aumenta"", comentou."," TSE não deve decidir sobre cota feminina no fundo eleitoral, diz parecer ","{'pcdob', 'psb', 'ba', 'df', 'am'}"
11,http://congressoemfoco.uol.com.br/noticias/ciro-critica-bolsonaro-diz-que-vai-revogar-medidas-de-temer-e-sinaliza-dialogo-com-tucanos/,0,Estadão Conteúdo - Política,set()
12,https://noticias.uol.com.br/confere/ultimas-noticias/2018/05/21/uol-confere-ciro-gomes.htm,"O ex-ministro Ciro Gomes (PDT) participou nesta segunda-feira (21) da  O  De acordo com o Anuário da Segurança Pública de 2017, publicado pelo Fórum Brasileiro de Segurança Pública, o Brasil registrou 61.283 mil mortes violentas intencionais durante o ano de 2016. O número contabiliza latrocínios, homicídios e lesões seguidas de morte. A respeito do ano de 2017, a pesquisa mais recente foi divulgada pelo Monitor da Violência e registrou um total de 59.103 pessoas assassinadas no ano passado. O Monitor da Violência é uma parceria do site G1 com o Núcleo de Estudos da Violência da USP (Universidade de São Paulo) e o Fórum Brasileiro de Segurança Pública. Bolsonaro e? o mais fa?cil de bater no 2º turno, diz Ciro De acordo com  Já em relação aos roubos de rua, em março e abril deste ano, foram 283 ocorrências a mais (um total de 22.289, com variação de 1%). As estatísticas de 2017 podem estar abaixo dos índices reais, pois a Polícia Civil fluminense realizou uma greve de janeiro e março de 2017. Nesse período, apenas as ocorrências consideradas mais graves foram registradas. Pela primeira vez neste ano, houve uma redução do número de roubo de veículos no Rio. As delegacias registraram 4.647 casos em abril, o que representa queda de 4,8% na comparação com o mesmo mês do ano passado --quando houve 4.891. Em relação a março de 2018, a polícia observou redução de cerca de 13% no indicador de roubo de veículo. A área que engloba as cidades de Nova Iguaçu, Mesquita, Nilópolis e Duque de Caxias, todas na Baixada Fluminense, foi a que teve a maior queda. O estudo indica ainda que os roubos de carga caíram cerca de 13% na comparação entre abril de 2018 e abril de 2017. O combate a roubos de carga é um dos focos da equipe de intervenção. Já o indicador de mortes pela polícia manteve tendência observada nos meses anteriores, crescendo 26% em abril em relação ao mesmo mês do ano passado. No entanto, em novembro o próprio Meirelles havia informado que o benefício fiscal do projeto seria de cerca de R$ 480 bilhões. No texto apresentado, há flexibilizações das regras não previstas nos cálculos originais, o que deve diminuir a margem de  Assim, a Reforma da Previdência apresentada pelo governo Michel Temer é considerada insuficiente para resolver o problema do déficit entre o que é arrecadado com as contribuições e o que é gasto com as aposentadorias, de acordo com a opinião de Adriane Bramante, presidente do IBDP (Instituto Brasileiro de Direitos Previdenciários), ouvida pelo  “Na verdade, esse projeto de reforma não vai resolver nada”, afirma Adriane Bramante. “O problema da Previdência não é de caixa, é de gestão. Por exemplo: fala-se que precisa economizar para cobrir o déficit, mas fizeram uma reforma trabalhista que vai derrubar enormemente a arrecadação."" Para ela, a reforma deveria ir além de uma suposta economia ao mudar as regras para concessão do benefício, mas também mexer nos instrumentos de arrecadação e recuperação das dívidas previdenciárias de empresas, por exemplo. “Do jeito que está, em mais três anos vamos precisar de outra reforma, e depois de outra, e assim vai”, diz Bramante. “O atual projeto ataca direitos e a aposentadoria dos mais pobres sem nem sequer começar a resolver o problema da Previdência. Vai apenas ajudar a criar uma legião de miseráveis sem aposentadoria”, diz a presidente do IBDP. Em 2017, o Brasil encerrou com 60,2 milhões de brasileiros com restrição ao crédito. O valor representa 39,6% da população com idade entre 18 e 95 anos, diz o comunicado, e um aumento de 1,27% na comparação com a quantidade de inadimplentes em dezembro do ano anterior. Ciro diz que vai discutir ""lucros exorbitantes"" dos bancos Entre os investigados, figura o senador Aécio Neves (PSDB-MG), que se tornou réu por corrupção e obstrução de Justiça na operação. O senador José Serra (PSDB-SP), que estava sob investigação por suposta prática de caixa dois, teve seu inquérito arquivado por prescrição pela ministra Rosa Weber, do STF (Supremo Tribunal Federal). Ambos negam irregularidades. O ex-diretor do Dersa --estatal responsável pelas obras rodoviárias em São Paulo-- Paulo Preto foi preso preventivamente, mas solto em um mês, por esquema de propina na operação Lava Jato. O ex-diretor foi apontado pelo Ministério Público como operador de propinas do PSDB. Apesar de não ser filiado ao PSDB, segundo a lista de filiados disponível no TSE (Tribunal Superior Eleitoral), Paulo Preto é bem próximo do partido. Em 2005, ele foi nomeado no governo de Geraldo Alckmin como diretor de relações institucionais do Dersa. Em 2007, quando José Serra assumiu o governo, ele foi nomeado diretor de engenharia da empresa, onde ficou até abril de 2010. Ainda no primeiro mês como governador, Serra nomeou a filha de Paulo Preto para cargo de confiança no Palácio dos Bandeirantes. O BCRA (Banco Central da Argentina) elevou neste mês a taxa básica de juros do país três vezes em uma semana --ela foi de 6,5% para 40%. Foi uma tentativa de conter a intensa desvalorização do peso frente ao dólar. Já o Banco Central do México também decidiu neste mês manter a taxa básica de juros do país em 7,5% ao ano. Já quando se trata de juros reais, segundo o último Ranking Mundial de Juros Reais, publicado pelo site MoneYou e pela Infinity Asset Management em maio deste ano, o Brasil é o sétimo país com a maior taxa de juros reais (2,33%). A lista compila os 40 países mais relevantes do mercado de renda fixa mundial nos últimos 25 anos. A trajetória é de queda --em junho de 2016, o Brasil era o primeiro do ranking. Ciro Gomes foi ministro da Fazenda do governo Itamar Franco (1930-2011) em 1994. O superávit primário desse ano foi de 5,2% em relação ao PIB (Produto Interno Bruto), o maior percentual obtido, considerando a série histórica iniciada em 1991. Porém, Ciro Gomes não foi o único ministro da Fazenda em 1994. Assumindo cargo ainda em 1993, FHC ficou à frente da pasta até 30 de março de 1994. Ele foi substituído pelo diplomata Rubens Ricupero, que deixou o cargo em setembro. Ciro assumiu a partir do dia 8 daquele mês até o fim do governo Itamar Franco. Se considerarmos todos os trabalhadores informais --que, segundo a definição do IBGE (Instituto Brasileiro de Geografia e Estatística), incluem empregados sem carteira assinada e trabalhadores por conta própria--, esse grupo era de 33,7 milhões no primeiro trimestre de 2018. Ciro chama reforma trabalhista de ""selvageria"" e diz foi volta ao século 18 O número de trabalhadores informais --do setor privado sem carteira assinada ou por conta própria-- representa 37,16% da população ocupada, no primeiro trimestre de 2018, segundo a Pnad Contínua. Sendo assim, o número de pessoas com empregos informais não supera o grupo formado por trabalhadores com emprego formal, servidores públicos, trabalhadores domésticos e empregadores. Se usarmos como referência a força de trabalho --soma dos trabalhadores ocupados e desocupados--, os trabalhadores informais são 32,3% do total de pessoas que fazem parte da força de trabalho, também no primeiro trimestre desse ano. Em relação ao total de pessoas em idade de trabalhar, os trabalhadores informais representaram 19,90% da população com mais de 14 anos, no primeiro trimestre de 2018. Contudo, a média de policiais militares assassinados em 2018 (dez por mês) se mantém estável em relação a todo o ano passado (11 por mês). Ele é atribuído a uma pesquisa da Associação Brasileira de Criminalística que, em 2011, teria constatado que a taxa de esclarecimento variava entre 5% e 8%. Aos Fatos entrou em contato com a associação, mas não encontrou essa pesquisa. O Truco, projeto de checagem da Agência Pública, também checou essa afirmação recentemente, dita em outra ocasião pelo pré-candidato. À agência, o Instituto Sou da Paz afirmou que a pesquisa não existe. “O que existe são pesquisas regionais que precisam ser avaliadas por não seguirem um mesmo padrão”, afirmou Bruno Langeani, gerente de sistemas de justiça e segurança pública do Sou da Paz. Há, no entanto, tentativas de mensurar a capacidade de investigação no país. Em 2012, o Conselho Nacional do Ministério Público fez um levantamento e identificou que, dos 43.123 inquéritos monitorados no Brasil, 78% foram arquivados por impossibilidade de se chegar aos autores. No ano passado, um levantamento do Instituto Sou da Paz mostrou que 21 unidades federativas não têm dados sobre investigação e denúncia de envolvidos em assassinatos. Só seis conseguiram calcular um índice de esclarecimento desses crimes: Pará (4%), Rio de Janeiro (11%), Espírito Santo (20%), Rondônia (24%), São Paulo (38%) e Mato Grosso do Sul (55,2%). Com um estudo publicado em outubro de 2017, o Instituto também mostrou que em São Paulo, sobre uma amostra representativa de inquéritos de homicídio doloso, 34% geraram denúncias penais e apenas 5% chegaram a ser julgados. O instituto defende a criação de um Indicador Nacional de Investigação de Homicídios para mensurar o desempenho das investigações criminais de cada estado. Desta quantia, apenas 18,1% vencerá nos próximos 12 meses. Ou seja, cerca de R$ 658,1 bilhões vencerão até marco de 2019. De resto, 15% vencerão entre um e dois anos, 45,7% vencerão entre dois e cinco anos e 21,3% vencerão em mais de cinco anos. Ciro Gomes foi procurado para comentar a análise dos dados, por meio de sua assessoria de imprensa, mas não havia respondido até a última atualização desta reportagem. Assim que o fizer, sua resposta será incluída no texto. Veja íntegra da sabatina com Ciro Gomes"," Ciro critica Bolsonaro, diz que vai revogar medidas de Temer e sinaliza diálogo com tucanos ","{'rj', 'pdt', 'psdb', 'mt', 'ro', 'es', 'pa', 'ms', 'mg', 'sp'}"
13,https://noticias.uol.com.br/politica/eleicoes/2018/noticias/2018/05/21/alguem-acredita-no-ciro-diz-bolsonaro-apos-ser-chamado-mais-facil.htm,"Wilton Junior/Estadão Conteúdo Deputado Jair Bolsonaro (PSL-RJ) durante palestra na sede da Associação Comercial do Rio de Janeiro nesta segunda  ""Alguém acredita no Ciro Gomes?"". Assim Jair Bolsonaro, pré-candidato do PSL à Presidência da República, respondeu às  ""É lógico que ele está desdenhando. Eu não tenho [tempo de] TV, não tenho fundo partidário, eu não tenho nada. Eu tenho o povo comigo. E não tenho obsessão pelo poder. O que está acontecendo comigo aqui é uma missão de Deus. E vamos em frente"", rebateu Bolsonaro, que participou nesta segunda de uma   O pré-candidato do PSL também ironizou o oponente: ""Ele falou que ia sequestrar o Lula se chegasse ordem de prisão... Não sequestrou"".  Bolsonaro fez ainda críticas ao tucano João Dória, que deixou a Prefeitura de São Paulo para concorrer ao governo do Estado. Em entrevista nos Estados Unidos, o pré-candidato do PSDB havia afirmado que uma aliança entre partidos de centro seria o caminho para evitar um ""desastre"", em referência a uma possível vitória de Bolsonaro  ""Vai ser um desastre para a corrupção no Brasil, na qual o seu partido está até o pescoço"", declarou.  Questionado sobre a formação de sua chapa, Bolsonaro negou ter   Os jornalistas que estavam no evento insistiram na pergunta, mas ele se esquivou e não elencou nomes. ""Tanto faz. Alguém que agregue, tenha boas ideias e trânsito em vários setores da sociedade. Não interessa se é homem ou se é mulher.""  Em discurso, o pré-candidato abordou questões referentes à economia, mas não aprofundou reflexões sobre o tema. Por mais de uma vez, disse que delegaria a missão a pessoas que, de fato, entendessem no assunto, como o economista Paulo Guedes. Embora ainda não confirme o nome dele para o Ministério da Fazenda em uma eventual gestão Bolsonaro, o político diz que está ""namorando"" Guedes.  ""Eu tenho uma história de palavra. Mesmo questões como o regime militar, nunca deixei de fugir do debate com vocês [jornalistas]. Questão de economia, o meu grande conselheiro é o Paulo Guedes, entre outros do ciclo de amizade nosso. Pretendo tratar a economia de acordo com a orientação deles.""  ""Eu não sou inconsequente. Eu não tenho na ponta da língua a solução para o Brasil. Às vezes, eu não tenho nem para a minha casa a solução, onde são quatro pessoas que moram dentro de casa. Imagina para o Brasil. Eu tenho que ouvir todo mundo.""  Bolsonaro disse ser favorável às privatizações, mas com uma postura conservadora em relação a ""questões estratégicas"". Segundo ele, áreas como minas e energia, por exemplo, são fundamentais para o país e não devem ser privatizadas. ""Não podemos ser inquilinos de nós mesmos"", comentou.  ""Essas questões estratégicas [não podem] passar para capital de país nenhum no mundo. Temos que fazer de tudo para ficar aqui dentro. Na última, se você tiver morrendo, aí você pode pensar nisso.""  Questionado sobre sua posição a respeito da privatização da Eletrobras, o pré-candidato respondeu que precisava antes ""ver o modelo"". ""Em princípio, eu reagiria a isso aí. Mas tenho que ver o modelo. O Brasil não pode ser um país em situação de leilão.""",Congresso em Foco,"{'rj', 'psdb', 'es', 'psl', 'ac', 'sp'}"
14,http://www.band.com.br/noticias/eleicoes/conteudo.asp?ID=100000914560&t=ciro-descarta-alianca-com-psdb-mas-admite-dialogo-depois-da-eleicao,"
 O ex-governador do Ceará e candidato à Presidência pelo PDT, Ciro Gomes, descartou nesta segunda-feira, 21, uma aliança com o PSDB nas eleições deste ano. Eleitoralmente falando, disse, seria um disparate imaginar uma aliança dele com a legenda dos tucanos. ""O que o PSDB acabou de fazer com o PMDB (na gestão do presidente Temer) é tudo o que não concordo: antinacional, antipobre e antipovo"", declarou o pedetista. Em sabatina promovida pelo  Microsoft VBScript runtime  
", O que Ciro Gomes errou e o que acertou durante a sabatina ,"{'pdt', 'pmdb', 'psdb', 'ce'}"
15,https://noticias.uol.com.br/politica/eleicoes/2018/noticias/2018/05/21/bolsonaro-quer-leis-trabalhistas-que-beirem-a-informalidade.htm,"Wilton Junior/Estadão Conteúdo Jair Bolsonaro (PSL-RJ) durante palestra na Associação Comercial do Rio de Janeiro  O pré-candidato a presidente da República pelo PSL, Jair Bolsonaro, defendeu nesta segunda-feira (21) que as leis trabalhistas no Brasil devem ""beirar a informalidade"" e que, se eleito, pretende implementar no país ""algo parecido com o que ocorre nos Estados Unidos"" --onde empresas e funcionários negociam diretamente, sem a predominância de acordos coletivos entre patrões e sindicatos.  Na visão dele, a flexibilização ainda maior em relação à reforma trabalhista aprovada pelo governo do presidente Michel Temer (MDB) seria a medida mais eficaz no sentido de combater o desemprego.  ""É melhor ter menos direito e emprego do que todos os direitos e desemprego"", declarou ele, em evento organizado pela ACRJ (Associação Comercial do Rio de Janeiro), no Rio.  Bolsonaro disse ainda considerar que a intervenção federal na segurança pública do Rio é uma ""intervenção política"", mas que, considerando o atual cenário de violência no Estado, ""antes ela do que nada"". ""Se eu chegar lá, a intervenção vai ser feita para valer. Com planejamento e ao lado de generais, delegados, policiais federais e coronéis da Polícia Militar"", afirmou.  O pré-candidato declarou que é favorável a um Código Penal mais duro e voltou a defender de forma enérgica a liberação do porte e da posse de armas por cidadãos comuns, uma das bandeiras de sua campanha.  Questionado sobre a formação de sua chapa,   Os jornalistas que estavam no evento insistiram na pergunta, mas ele se esquivou e não elencou nomes. ""Tanto faz. Alguém que agregue, tenha boas ideias e trânsito em vários setores da sociedade. Não interessa se é homem ou se é mulher.""  ""A imprensa sempre diz que eu não teria governabilidade. Mas o que está sendo feito agora é governabilidade ou 'assaltabilidade'?"", completou ele, antes de receber aplausos dos empresários.  Em discurso, o pré-candidato abordou questões referentes à economia, mas não aprofundou reflexões sobre o tema. Por mais de uma vez, disse que delegaria a missão a pessoas que, de fato, entendessem no assunto, como o economista Paulo Guedes. Embora ainda não confirme o nome dele para o Ministério da Fazenda em uma eventual gestão, o político diz que está ""namorando"" Guedes.  ""Eu tenho uma história de palavra. Mesmo questões como o regime militar, nunca deixei de fugir do debate com vocês [jornalistas]. Questão de economia, o meu grande conselheiro é o Paulo Guedes, entre outros do ciclo de amizade nosso. Pretendo tratar a economia de acordo com a orientação deles.""  ""Eu não sou inconsequente. Eu não tenho na ponta da língua a solução para o Brasil. Às vezes, eu não tenho nem para a minha casa a solução, onde são quatro pessoas que moram dentro de casa. Imagina para o Brasil. Eu tenho que ouvir todo mundo.""  Bolsonaro disse ser favorável às privatizações, mas com uma postura conservadora em relação a ""questões estratégicas"". Segundo ele, áreas como minas e energia, por exemplo, são fundamentais para o país e não devem ser privatizadas. ""Não podemos ser inquilinos de nós mesmos"", comentou.  ""Essas questões estratégicas [não podem] passar para capital de país nenhum no mundo. Temos que fazer de tudo para ficar aqui dentro. Na última, se você tiver morrendo, aí você pode pensar nisso.""  Questionado sobre sua posição a respeito da privatização da Eletrobras, projeto do governo de Michel Temer, o pré-candidato respondeu que precisava antes ""ver o modelo"". ""Em princípio, eu reagiria a isso aí. Mas tenho que ver o modelo. O Brasil não pode ser um país em situação de leilão.""  O evento da associação comercial contou com uma plateia de cerca de 300 pessoas, de acordo com os organizadores. Os associados pagaram R$ 180 para acompanhar a palestra, enquanto os não associados desembolsaram R$ 220.",do UOL,"{'rj', 'psl', 'pmdb'}"
16,https://www3.uol.com.br/uolmais/2018/05/21/ciro-critica-bancos-bate-em-bolsonaro-e-diz-que-ou-vence-ou-quebra.htm,"O pré-candidato a Presidência da República Ciro Gomes (PDT) foi sabatinado por jornalistas do UOL, Folha de S. Paulo e SBT, em São Paulo. Durante a uma hora que durou a entrevista ele falou dos lucros dos bancos, fez duras críticas ao deputado federal Jair Bolsonaro (PSL), também pré-candidato, falou sobre as reformas do governo Temer e disse ter medo de, se eleito, não conseguir colocar todas as suas ideias em prática. Veja os principais momentos da entrevista."," ""Alguém acredita no Ciro?"", diz Bolsonaro após críticas do adversário ","{'pdt', 'sp', 'psl'}"
17,https://www3.uol.com.br/uolmais/2018/05/21/bolsonaro-e-o-mais-facil-de-bater-no-2-turno-diz-ciro.htm,"O pré-candidato à Presidência da República Ciro Gomes (PDT) chamou o deputado federal Jair Bolsonaro de ""fascista"" e disse que o pré-candidato do PSL ao Planalto seria ""promessa certa de crise"", já que ele ""nunca administrou um boteco dos pequenos"". As declarações foram dadas durantes sabatina do UOL, Folha de S. Paulo e SBT, nos estúdios do UOL, em São Paulo. ",do UOL,"{'pdt', 'sp', 'psl'}"
18,https://www3.uol.com.br/uolmais/2018/05/21/veja-integra-da-sabatina-do-uol-folha-de-s-paulo-e-sbt-com-ciro-gomes.htm,"O pré-candidato do PDT à Presidência, Ciro Gomes, foi sabatinado por jornalistas do UOL, Folha de S. Paulo e SBT, nos estúdios do UOL, em São Paulo."," Ciro descarta aliança com PSDB, mas admite diálogo depois da eleição ","{'pdt', 'sp'}"
19,https://noticias.uol.com.br/politica/eleicoes/2018/noticias/2018/05/21/ciro-diz-que-invasao-de-terra-e-selvageria-mas-defende-reforma-agraria.htm,"Carine Wallauer/UOL  O pré-candidato à Presidência da República Ciro Gomes (PDT) afirmou nesta segunda-feira (21), durante sabatina promovida por   ""Invasão de terra produtiva é um indicador de selvageria e de incapacidade jurídica do Estado de Direito democrático de se fazer respeitado. Invasão de terra é tão selvagem quanto você impedir que trabalhadores que querem ter acesso à terra não consigam ainda em pleno século 21. Portanto, você tem que fazer a reforma agrária abrindo caminho para quem nela deseja trabalhar a terra e você tem que fazer garantir o Estado de Direito democrático, que é a proteção da incolumidade das pessoas e de suas propriedades"", declarou.  Questionado sobre como enxerga a atuação do MST (Movimento dos Trabalhadores Rurais Sem-Terra), disse não caber a ele julgar a forma de luta do grupo social. Ciro então disse que, enquanto governador do Ceará, chamou as famílias do MST para conversar e resolver a questão de concessão de lotes.  ""Não tive um problema sequer em quatro anos. 100% das famílias que me procuraram tiveram acesso a um pequeno pedaço de terra com assistência técnica, com apoio, perfuração de poço, e olhe que ali no Nordeste tem um problema gravíssimo que é que a terra não presta. A terra é muito hostil"", disse.  Por outro lado, falou que é ""tarefa do poder público"" retirar invasores que entram ""madrugada adentro"" em lotes produtivos e garantir a propriedade. ""Isso para mim é muito claro, sempre foi"", acrescentou.  Na avaliação de Ciro, o agronegócio ""está carregando o Brasil nas costas"". O pré-candidato falou que a opção por uma desindustrialização e o foco no agronegócio é histórica, mas que o desemprego passa por essa questão. Isso porque, defendeu, o agronegócio não emprega muita gente nem gera tantos impostos. No entanto, credita ao setor o fato de a taxa de câmbio entre o dólar e o real não estar mais alta.  O presidenciável criticou em mais de uma oportunidade o pré-candidato do PSL à Presidência, Jair Bolsonaro. Ciro Gomes falou que Bolsonaro, ""como fascista, tem dificuldade de lidar com o antagonismo"" e, caso o concorrente seja eleito, haverá crise posto que ""nunca administrou um boteco dos pequenos"".  O pedetista ainda disse que ""gostaria muito"" de enfrentar Bolsonaro no segundo turno porque seria o candidato ""mais fácil"" de derrotar.  Ao falar de segurança pública, o pedetista também alfinetou Bolsonaro, que é o segundo melhor colocado nas pesquisas de intenção de voto. Questionado sobre o pré-candidato à Presidência pelo PSL, e   Na avaliação de Ciro, Bolsonaro tem ""soluções toscas e graves"" e ""quando um camarada promete distribuir armas é um banho de sangue"". Isso porque, afirmou, os cidadãos não estão preparados para manusear as armas, enquanto os criminosos, sim.  Indagado sobre a crise política e econômica da Venezuela, que   Em relação à candidatura, Ciro disse que não a pagará do próprio bolso, mas com recursos do PDT e contribuições individuais, embora não espere que essa modalidade tenha importância significativa.  Quanto a coligações, falou que seu projeto precisa ser ""aperfeiçoado"" com partidos do centro à esquerda e mantém conversa com o PSB, agora que o eventual pré-candidato da sigla, o ex-ministro do Supremo Tribunal Federal Joaquim Barbosa, desistiu de concorrer. Segundo Ciro, o PSB é o ""parceiro preferencial"" e ele tem vontade de ter o apoio do PCdoB.  Ciro é o segundo sabatinado da série. O   Na quarta-feira (23), acontece a sabatina com o pré-candidato Geraldo Alckmin (PSDB). A quarta entrevistada é Marina Silva (Rede), na quinta-feira (24).",Band,"{'pcdob', 'pdt', 'psdb', 'psb', 'psl', 'rede', 'ce', 'ac'}"
20,https://noticias.uol.com.br/politica/eleicoes/2018/noticias/2018/05/21/ciro-gomes-infla-numeros-ao-falar-da-divida-publica.htm," O pré-candidato à presidência Ciro Gomes (PDT) inflou os números ao falar da urgência da dívida pública na sabatina promovida por   ""Quando falei nos Estados Unidos que o Brasil tem uma dívida de R$ 1,184 trilhão para pagar em quatro dias, falaram que o problema era o inglês"", afirmou o pré-candidato.  Apesar do crescente aumento da quantia, o valor apresentado pelo candidato não corresponde ao divulgado pelo Governo Federal.  De acordo com o Relatório Mensal da Dívida Pública em março deste ano, divulgado pela Secretaria do Tesouro Nacional, do Ministério da Fazenda, o estoque da dívida pública (DPF) está em R$ 3,636 trilhões.  Desta quantia, apenas 18,1% vencerá nos próximos 12 meses. Ou seja, cerca de R$ 658,1 bilhões vencerão até marco de 2019.  De resto, 15% vencerão entre um e dois anos, 45,7% vencerão entre dois e cinco anos e 21,3% vencerão em mais de cinco anos.  Ciro é o segundo sabatinado da série. O   Na quarta-feira (23), acontece a sabatina com o pré-candidato Geraldo Alckmin (PSDB). A quarta entrevistada é Marina Silva (Rede), na quinta-feira (24)."," Contra desemprego, Bolsonaro propõe leis que ""beirem informalidade"" ","{'rede', 'pdt', 'psdb'}"
21,https://noticias.uol.com.br/politica/eleicoes/2018/noticias/2018/05/21/ciro-rechaca-privatizacoes-e-critica-lucro-exorbitante-de-banqueiros.htm,"Carine Wallauer/UOL 21.mai.2018 - O pré-candidato à presidência Ciro Gomes (PDT) participa de sabatina do UOL, Folha de S. Paulo e SBT, nos estúdios do UOL, em São Paulo  O pré-candidato à Presidência pelo PDT, Ciro Gomes, declarou nesta segunda-feira (21) durante sabatina promovida pelo  ""Evidente que não [sou favorável]. Para mim, a privatização é uma ferramenta. A gente deve celebrar um projeto nacional de desenvolvimento, cujas linhas gerais eu vou oferecer ao juízo crítico do povo, que vai definir o papel do capital estrangeiro, contra quem eu nada tenho, do capital nacional e do capital estatal"", afirmou Gomes.  Ciro citou o caso da fabricante brasileira de aeronaves Embraer, que está em negociação para  ""Só um projeto da Embraer, o [jato] KC-390, que é um super cargueiro que nós desenvolvemos aqui, que é uma joia, que prova a sofisticação da nossa inteligência nacional brasileira, tem um mercado cativo de US$ 20 bilhões. Na hora que eles dominam isso, a Boeing vem comprar"", declarou.  Segundo o presidenciável, cada questão será procurada de ser realizada dentro dos objetivos do país pela ""lei do menor esforço. ""Não importa a cor do gato, o que importa é que ele cace o rato"", disse ele.  Ciro também criticou os ""lucros exorbitantes"" de banqueiros e as altas taxas de juros cobradas do setor produtivo. ""A inflação oficial é de 2,56% nos últimos meses e a taxa de juro do governo é 6,5%. Isso é a maior taxa de juro real do mundo. O problema de investimento no Brasil não é a taxa de juro do governo. A taxa de juro que o mercado financeiro cobra da produção é de 41%. Eu não estou falando do juro que o governo paga. Qual é o negócio da economia real que paga 41% de rentabilidade?"", questionou.  ""O Brasil permitiu que apenas cinco bancos, dois dos quais públicos, Banco do Brasil e Caixa Econômica, Bradesco, Santander e Itaú, concentrem 85% de todas as transações do mercado financeiro"", disse o pré-candidato, criticando o fato de que ""eles não competem entre si"".  ""Está aí a explicação: o mundo se acabando e os caras enchendo a pança de ganhar dinheiro. A economia indo para o brejo e o setor financeiro tendo 14% de lucro [...] No meu governo, Banco do Brasil e Caixa começarão, no primeiro dia, a fazer concorrência. Se isso não for suficiente, outras providências haverá"", completou.  O presidenciável também criticou a reforma trabalhista aprovada no ano passado pelo Congresso, que classificou como uma ""selvageria"". ""O sucesso do capitalismo moderno depende do consumo de massa, que depende de o povo ter renda"", alertou.  Ciro disse ainda que está ouvindo pessoas de seu entorno sobre a necessidade de criar um tributo sobre operações financeiras ""grandes"" para aumentar a arrecadação.  Questionado se é a favor do retorno da CPMF (Contribuição Provisória sobre Movimentação Financeira), extinta em 2007, durante o segundo governo do ex-presidente Luiz Inácio Lula da Silva (PT), ele classificou o tributo como ""ruim tecnicamente"".  O pré-candidato do PDT defendeu um novo regime de impostos para ricos, mas não citou que critérios seriam usados para definir isso. ""Só quem paga imposto nesse país é classe média e pobre"", afirmou.  O presidenciável apontou que, de cada R$ 100 executados no orçamento do ano passado, R$ 51,70 foram de juros para banco. Interpelado pelo jornalista Fernando Canzian, da Folha, que disse se tratar de despesa financeira, Ciro demonstrou irritação e afirmou que esse é o cerne da questão.  ""É aí que está o busílis [centro do problema], eu tirar a despesa financeira e não discuto ela. Vou discutir no lombo do povo o gasto com saúde. Deixa que o nosso povo morra como mosca nos hospitais, tratado com toda a indignidade, porque isso pode. Mas o banqueiro não pode deixar de ter o lucro exorbitante como está tendo hoje. Espera um pouquinho!"", declarou.  Ao ser questionado sobre sua proposta para a seguridade social, Ciro disse ser ""possível perfeitamente afirmar que a Previdência Social, regime geral, não tem déficit"".  ""Porque nós fomos criando puxadinho para cá, puxadinho pra lá e temos hoje uma cesta de mecanismos de financiamento cujos principais são: contribuição social sobre o lucro líquido, PIS, Cofins, contribuição patronal, contribuição dos trabalhadores, contribuição governamental, mais receita de loterias, para ficar aqui nas principais. A soma disso paga a Previdência e sobra um tiquinho"", apontou o presidenciável.  A ideia de que a proposta do governo Temer significaria uma reforma da Previdência, segundo Ciro, ""é uma grosseira mentira"".  ""Esse modelo [atual] morreu, então é preciso propor com clareza novo modelo. E aqui a grande questão é a transição"", declarou.  O presidenciável criticou em mais de uma oportunidade o pré-candidato do PSL à Presidência, Jair Bolsonaro. Ciro Gomes falou que Bolsonaro, ""como fascista, tem dificuldade de lidar com o antagonismo"" e, caso o concorrente seja eleito, haverá crise posto que ""nunca administrou um boteco dos pequenos"".  O pedetista ainda disse que ""gostaria muito"" de enfrentar Bolsonaro no segundo turno porque seria o candidato ""mais fácil"" de derrotar.  Ao falar de segurança pública, o pedetista também alfinetou Bolsonaro, que é o segundo melhor colocado nas pesquisas de intenção de voto. Questionado sobre o pré-candidato à Presidência pelo PSL, e   Na avaliação de Ciro, Bolsonaro tem ""soluções toscas e graves"" e ""quando um camarada promete distribuir armas é um banho de sangue"". Isso porque, afirmou, os cidadãos não estão preparados para manusear as armas, enquanto os criminosos, sim.  Indagado sobre a crise política e econômica da Venezuela, que   Em relação à candidatura, Ciro disse que não a pagará do próprio bolso, mas com recursos do PDT e contribuições individuais, embora não espere que essa modalidade tenha importância significativa.  Quanto a coligações, falou que seu projeto precisa ser ""aperfeiçoado"" com partidos do centro à esquerda e mantém conversa com o PSB, agora que o eventual pré-candidato da sigla, o ex-ministro do Supremo Tribunal Federal Joaquim Barbosa, desistiu de concorrer. Segundo Ciro, o PSB é o ""parceiro preferencial"" e ele tem vontade de ter o apoio do PCdoB.  Ciro é o segundo sabatinado da série. O   Na quarta-feira (23), acontece a sabatina com o pré-candidato Geraldo Alckmin (PSDB). A quarta entrevistada é Marina Silva (Rede), na quinta-feira (24).",do UOL,"{'pcdob', 'pdt', 'psdb', 'psb', 'psl', 'rede', 'pt', 'sp'}"
22,https://www3.uol.com.br/uolmais/2018/05/21/ciro-chama-reforma-trabalhista-de-selvageria-e-diz-foi-volta-ao-seculo-18.htm,"O pré-candidato do PDT à Presidência, Ciro Gomes, disse que a reforma trabalhista feita pelo governo Temer é uma ""selvageria"" e que vai revoga-la caso seja eleito."," Ciro critica bancos, bate em Bolsonaro e diz que 'ou vence ou quebra' ",{'pdt'}
23,https://noticias.uol.com.br/politica/eleicoes/2018/noticias/2018/05/21/ciro-ve-bolsonaro-como-o-mais-facil-de-ser-batido-por-ter-solucoes-toscas.htm," O pré-candidato à Presidência Ciro Gomes (PDT) afirmou que o deputado federal Jair Bolsonaro (PSL) é o adversário menos difícil de ser derrotado em um eventual segundo turno. Na sabatina promovida por   ""Ele nunca administrou boteco nem dos pequenos"", afirmou Ciro, que complementou: ""Um sujeito autoritário, é uma promessa certa para a crise."" Para ele, Bolsonaro seria o candidato ""menos difícil"" de ser enfrentado no segundo turno porque tem ""soluções muito toscas"".  O pré-candidato também não poupou críticas ao plano de flexibilização do desarmamento promovido pelo deputado.   Para ele, a flexibilização promoveria um ""morticínio"" no país e teria como principal vítima pessoas inocentes. ""O bandido está preparado, quem morre é o cidadão"", declarou o pré-candidato.  ""Não sou um profeta como o Bolsonaro que acha que autoritarismo e militarismo resolvem o problema"", afirmou o cearense. ""Só quem quer ser dono da verdade acha que vai ser ditador. Não presta isso, não.""  Gomes também questionou a motivação de Bolsonaro na luta pela flexibilização do desarmamento. ""A quem interessa? Será que a indústria de armas está neutra neste debate?"", perguntou o pré-candidato.  Questionado pelo plano de segurança pública, Gomes afirmou que, caso ganhasse, convidaria os governadores eleitos entre o pleito e a posse para debater planos específicos de segurança, que envolveria reavaliar as políticas de fronteira e o papel das guardas nacionais.  Ao final da sabatina, Ciro voltou a atacar Bolsonaro quando foi questionado se conseguiria cumprir todas as promessas de campanha.  ""Temo que não consiga entregar [todas as promessas], mas todo mundo vai me ver agarrado com a tentativa de entregar. Por quê? Porque eu não sou candidato a ditador no Brasil, o candidato a ditador do Brasil é o Bolsonaro', declarou.  Em evento no Rio de Janeiro, Bolsonaro rebateu Ciro Gomes.   Ciro é o segundo sabatinado da série. O   Na quarta-feira (23), acontece a sabatina com o pré-candidato Geraldo Alckmin (PSDB). A quarta entrevistada é Marina Silva (Rede), na quinta-feira (24). Bolsonaro ainda não confirmou a data de participação.",UOL Notícias,"{'pdt', 'rj', 'psdb', 'psl', 'rede'}"
24,https://www3.uol.com.br/uolmais/2018/05/21/ciro-diz-que-vai-discutir-lucros-exorbitantes-dos-bancos.htm,"Ciro Gomes (PDT) disse em sabatina ao UOL, Folha de S. Paulo e SBT, que não quer ser presidente do Brasil se não for para ""equilibrar as coisas"". ""Pode deixar que o nosso povo morra, mas o banqueiro não pode deixar de ter um lucro exorbitante"", disse."," Bolsonaro e? o mais fa?cil de bater no 2º turno, diz Ciro ",{'pdt'}
25,https://noticias.uol.com.br/politica/eleicoes/2018/noticias/agencia-estado/2018/05/21/filho-de-assessor-tenta-herdar-espolio-eleitoral-de-maluf.htm,"22.dez.2017 - Wagner Pires/Futura Press/Estadão Conteúdo 22.dez.2018 - Preso em dezembro, Paulo Maluf cumpre atualmente prisão domiciliar  Impossibilitado de disputar um novo mandato pela prisão e pelas consequências de um câncer de próstata, o deputado licenciado Paulo Maluf (PP-SP), de 86 anos, tem seu espólio eleitoral cobiçado por políticos. Mesmo com o desgaste do parlamentar após as condenações e detenção por corrupção, Guilherme Augusto Sanches Ribeiro, 34, vai tentar herdar os votos de Maluf para se eleger para uma vaga na Câmara nas eleições deste ano. Ele é filho de Jesse Ribeiro (PP), assessor do parlamentar paulista há mais de 40 anos.  Desde a prisão de Maluf, em dezembro do ano passado, Ribeiro tem rodado municípios do interior do Estado se apresentando como o ""candidato de Maluf"". Há algumas semanas foi assim que ele se apresentou em Urânia, cidade no noroeste de São Paulo.  ""Ele [Maluf] já está pedindo voto para mim entre a fisioterapia dele, as pessoas que vão, os médicos, no hospital esse tempo todo que ele ficou hospedado, ele ia pedindo. Uma pessoa me encontrou e falou: 'ah, você que é o candidato que o Maluf pediu voto?'"", disse o filho de Jesse ao Estadão/Broadcast.  Para Ribeiro, o desgaste sofrido por Maluf após a prisão e as condenações na Justiça não o atrapalham de forma alguma. Pelo contrário. ""Ele tem sempre o eleitor cativo dele, porque sempre realizou. Quem o conhece há mais tempo sabe"", defendeu.  O ""candidato de Maluf"" avalia que a ligação do parlamentar paulista com a campanha dele à Câmara este ano será ""praticamente automática"". ""As emendas que conseguimos para as cidades foram todas conseguidas através dele, principalmente para as cidades onde fomos bem votados"", argumentou.  Em 2014, Guilherme Ribeiro foi candidato a deputado estadual pelo PP, mas não conseguiu se eleger. Na época, não teve ajuda do patrão de seu pai. Neste ano, como ""candidato de Maluf"", ele espera conseguir superar os 41.527 que teve na última eleição para a Assembleia Legislativa paulista.  Ele aposta que conseguirá herdar uma relevante fatia dos 250.281 votos que Maluf teve na disputa de 2014, quando foi o oitavo deputado federal mais votado em São Paulo. O filho de Jesse também espera contar com a ajuda do Palmeiras, clube paulista do qual já é conselheiro e, desde 2017, diretor Social.  Na eleição deste ano, Guilherme não será candidato pelo mesmo partido ao qual Maluf e seu pai são filiados há quase 38 anos. No início de abril, véspera do fim do prazo para candidatos mudarem de partido, ele pediu desfiliação do PP e ingressou no PRB.  O partido convidou o administrador de empresas de olho no potencial do espólio eleitoral de Maluf. Em São Paulo, a legenda costuma eleger um bom número de parlamentares, puxado pela expressiva votação do deputado e apresentador de TV Celso Russomanno - em 2014, por exemplo, a sigla elegeu oito representantes para a Câmara no Estado.",UOL Notícias,"{'prb', 'sp', 'pp'}"
26,https://noticias.uol.com.br/politica/eleicoes/2018/noticias/2018/05/21/ciro-critica-intervencao-e-diz-que-distribuir-armas-seria-banho-de-sangue.htm,"Carine Wallauer/UOL 21.mai.2018 - O pré-candidato à presidência Ciro Gomes (PDT) participa de sabatina do UOL, Folha de S. Paulo e SBT   Em sabatina promovida pelo   ""Qual é o país do mundo que enfrentou isso [violência] expandindo o armamento?"", questionou Ciro.  Na avaliação de Ciro, o pré-candidato Jair Bolsonaro (PSL) tem ""soluções toscas e graves"" para segurança pública. ""Quando um camarada promete distribuir armas é um banho de sangue"". Isso porque, afirmou, os cidadãos não estão preparados para manusear as armas, enquanto os criminosos, sim.  Ciro Gomes falou que Bolsonaro, ""como fascista, tem dificuldade de lidar com o antagonismo"" e, caso o concorrente seja eleito, haverá crise posto que ""nunca administrou um boteco dos pequenos"". O pedetista ainda disse que ""gostaria muito"" de enfrentar Bolsonaro no segundo turno porque seria o candidato ""menos difícil "" de derrotar.  Para o pré-candidato, a intervenção federal no Rio de Janeiro ""não deu certo nem pode dar"". Isso porque, segundo ele, ""o traficante mora em Ipanema, no Leblon, na Barra [bairros nobres da capital fluminense], e usa ali [nas favelas] meia dúzia de buchas de canhão"".  Ciro admitiu que a sociedade pode se sentir ""psicologicamente mais segura"" com a presença ostensiva das Forças Armadas nas ruas, mas destacou que ""amanhã ou depois eles vão sair"". ""Portanto, ela [a intervenção] não é a solução"", declarou.  A escolha pelo Rio de Janeiro e não outras cidades que também têm problemas de segurança como Fortaleza, Recife e Maceió, por exemplo, teria ocorrido por ""politicagem"", ""midiaticamente"", afirmou.  Ciro anunciou que, se eleito, faria uma reunião com governadores e prefeitos no período de transição para fazer um ""grande entendimento nacional"" e ""trocar a lógica do enfrentamento"". Ele disse que também criará um ""sistema de segurança pública"" e uma Polícia Nacional de Fronteiras, apartada da Polícia Federal.  O pré-candidato explicou que, por meio do sistema de segurança pública, pretende unificar a inteligência e a operação dos diferentes órgãos em esfera federal, estadual e municipal. Segundo ele, é preciso ""mudar a lógica presente"". Embora tenha criticado duramente o MDB no início da sabatina, pela fala de Ciro, a intenção se assemelha ao projeto do Susp (Sistema Único de Segurança Pública),   Ciro é o segundo sabatinado da série. O   Na quarta-feira (23), acontece a sabatina com o pré-candidato Geraldo Alckmin (PSDB). A quarta entrevistada é Marina Silva (Rede), na quinta-feira (24)."," Veja íntegra da sabatina do UOL, Folha de S. Paulo e SBT com Ciro Gomes ","{'rj', 'pdt', 'psdb', 'al', 'pe', 'psl', 'pmdb', 'rede', 'ce'}"
27,https://noticias.uol.com.br/politica/eleicoes/2018/noticias/agencia-estado/2018/05/21/movimentos-de-renovacao-esbarram-na-politica-real.htm,"Reprodução  Meses atrás, de longe, a onda parecia gigante e inevitável. Ao mesmo tempo em que a Operação Lava Jato abalava importantes figuras da classe política tradicional, pesquisas de opinião indicavam que a população estava disposta a votar em novos rostos. Identificados com esse sentimento, movimentos de renovação foram surgindo por todo o país - com estimativas positivas quanto à possibilidade de eleger ""sangue novo"".  Hoje, de perto, essa mesma onda ameaça chegar muito menor na praia eleitoral, correndo o risco de produzir apenas uma inofensiva espuma. ""Entre o entusiasmo e a realidade existe um descompasso. O nosso sistema atua como desarticulador da mudança, e ele se blindou. Essa eleição vai trazer o menor índice de renovação da história. Com a reforma eleitoral, o Congresso já 'contratou' a eleição. Ou seja, todos os recursos serão alocados para reeleger os nomes de sempre ou seus apadrinhados"", disse o especialista em Direito Eleitoral Luiz Fernando Pereira.  Com a restrição de recursos (o fundo eleitoral terá R$ 1,7 bilhão), um período menor de propaganda gratuita, a impossibilidade de candidaturas independentes e nenhum presidenciável outsider para fomentar a ideia do novo, os partidos devem concentrar a estratégia nos candidatos conhecidos para garantir a eleição. ""Quem vai indicar para quem vai o dinheiro de campanha são nomes como Roberto Jefferson (presidente do PTB), Valdemar Costa Neto (presidente do PR), Romero Jucá (presidente do MDB)..."", provocou Pereira.  Os próprios grupos de renovação já calibraram seus discursos. O otimismo do começo deu lugar ao realismo e às ""perspectivas de longo prazo"". Em setembro de 2017, o movimento RenovaBr, que oferece bolsa de estudos para candidatos ao Legislativo (federal e estadual), imaginava eleger de 70 a 100 nomes. Com o decorrer dos meses, as estimativas deixaram de ser públicas - e hoje giram em torno de 20% em um universo de 131 bolsistas elegíveis. Outro movimento de formação de líderes, a Raps, também falava em 60 a 80 deputados eleitos, mas, atualmente, já não tem divulgado projeções que possam, eventualmente, criar falsas expectativas.  Alguns nomes que pareciam ter potencial eleitoral nem sequer estão dispostos a arriscar. Um dos casos mais marcantes é o de Rafael Parente, de 40 anos, filho do presidente da Petrobrás, Pedro Parente.  Pós-graduado em educação pela New York University (NYU), fundador de uma startup de educação, cofundador de um grupo de renovação (o Agora!) e com um relativo sucesso nas redes sociais (mais de 130 mil seguidores), ele parecia pronto para encarar o desafio de uma candidatura. Mas, desistiu. ""Desde o início, no Agora!, debatíamos sobre a necessidade de candidaturas que representassem esse sentimento de renovação. Eu me animei"", disse Parente. ""Aí conversei com meu pai. Nas conversas, entendi que, no Brasil, seria difícil acontecer um processo de renovação no estilo Emmanuel Macron (presidente francês). E, além do mais, eu tinha que me filiar a um partido, tinha que assumir o carimbo de um partido"", afirmou. ""Ponderei sobre meus compromissos profissionais e desisti de concorrer.""  Para a pesquisadora Beatriz Pedreira, do Instituto Update, essa ainda não será a eleição da renovação, ""No começo, os grupos se empolgaram muito. Tinha aquela empolgação inicial do 'vamos salvar o Brasil'. Mas não será nesta eleição que a gente vai fazer a renovação que se imaginou no início do processo. Meu receio é de que isso frustre muito"", afirmou. ""Essa reação do sistema à possibilidade de renovação não é só brasileira. De qualquer forma, é preciso que esses grupos continuem trabalhando e apontando para o futuro."" As informações são do jornal ",UOL Notícias,"{'ptb', 'pr', 'pmdb'}"
28,https://noticias.uol.com.br/politica/eleicoes/2018/noticias/agencia-estado/2018/05/21/pesquisa-aponta-que-81-preferem-quem-nao-tem-mandato.htm,"Eraldo Peres/AP  Apesar de as pesquisas continuarem detectando um desejo de mudança, a oferta será inferior à demanda por renovação. Essa é a opinião de Renato Meirelles, coordenador do Instituto Locomotiva - que tem feito levantamentos sobre o comportamento dos eleitores.  Em uma pesquisa que deve ser divulgada ainda nesta semana pelo instituto, 81% dos eleitores declararam preferir votar em quem hoje não exerce mandato. Apesar disso, a tendência não é a de renovação. ""Esse número reflete a demanda eleitoral, mas ela não será representada. O que vai ser apresentado ao eleitor é uma nova roupagem dos políticos velhos. Em razão das regras eleitorais e dos recursos financeiros escassos, o eleitor não vai encontrar as opções de renovação"", disse Meirelles.  Não significa, com isso, dizer que novos nomes não serão eleitos. Historicamente, o índice de substituição de nomes no Congresso beira os 50%. ""O que acontece não é uma renovação. Os eleitos são filhos, parentes ou apadrinhados daqueles que já estão no poder"", disse o cientista político Vitor Oliveira, da agência Pulso Público.  A ""ficha caiu"" entre os grupos de renovação (que estão inseridos nos cursos de formação do RenovaBr e da Raps). O discurso já é mais cauteloso. ""Essa é a nossa primeira eleição. O projeto é para dez anos"", disse o coordenador do Acredito, Zé Frederico. ""O sistema construiu barreiras, mas esse é apenas o início de um processo"", afirmou o coordenador do Agora!, Leandro Machado.  Para o coordenador do Instituto Brasil@21, Pedro Henrique de Cristo, os movimentos ""estão na fronteira de ser engolidos"". Para ele, é preciso coordenação e foco nas campanhas que realmente têm chance. Já para o coordenador do Livres, Paulo Gontijo, os partidos são impermeáveis à renovação. ""O jogo é feito para não renovar. Temos o receio de servir para compor chapa e maximizar as chances de velhos políticos.""  A necessidade de cooperação e organização parece um ponto comum entre os grupos. Carlota Mingolla, de 36 anos, que já foi candidata a vice-prefeito de São Paulo pela Rede, na chapa de Ricardo Young, percebeu essa realidade e decidiu atuar para qualificar seus pares. ""O caminho natural era que eu saísse candidata nessa eleição. Mas acabei desistindo. Acho que posso atuar melhor nos bastidores, propondo debates internos e trabalhando pelo fortalecimento das ideias, projetos e pela formação de lideranças."" As informações são do jornal "," Ciro diz que invasão de terra é ""selvageria"", mas defende reforma agrária ","{'ac', 'ap', 'sp', 'rede'}"
29,https://noticias.uol.com.br/politica/eleicoes/2018/noticias/2018/05/20/uol-folha-e-sbt-entrevistam-ciro-gomes-nesta-segunda-feira-21.htm," Eduardo Knapp/Folhapress Ciro Gomes, pré-candidato à Presidência pelo PDT  O   Ciro será o segundo sabatinado da série.   Se a candidatura de Ciro for confirmada, esta será a terceira vez que o político disputará a Presidência. Na última tentativa de chegar ao Palácio do Planalto, em 2002, o pedetista concorreu pelo PPS e terminou em quarto lugar, com 11,97% dos votos válidos, o que representou o apoio de cerca de 10 milhões de eleitores.   Em 1998, Ciro concorreu também pelo PPS e terminou em terceiro lugar, com 10,97% dos votos.  O político foi ministro da Fazenda entre setembro de 1994 e janeiro de 1995, período final do governo Itamar Franco e início do governo Fernando Henrique Cardoso.  Ciro também foi ministro da Integração Nacional, entre janeiro de 2003 e março de 2006, no primeiro mandato de Luiz Inácio Lula da Silva. Ex-governador do Ceará e ex-prefeito de Fortaleza, Ciro também foi deputado estadual e federal.  Em setembro de 2015, Ciro se filiou ao PDT e está no sétimo partido de sua carreira política. Ele já foi filiado ao PDS, PMDB, PSDB, PPS, PSB e PROS.  Na sabatina, Ciro será entrevistado pelos jornalistas Diogo Pinheiro, chefe de reportagem do   Na quarta-feira (23), acontece a sabatina com o pré-candidato   Esta é a terceira eleição consecutiva em que o   As regras de participação nas sabatinas e debates foram definidas em reunião na sede do SBT no dia 22 de março, com representantes de 18 dos 35 partidos registrados no TSE (Tribunal Superior Eleitoral).  Foram convidados os seis candidatos à Presidência mais bem colocados na pesquisa Datafolha divulgada em 16 de abril.   Depois dos presidenciáveis,   O debate de primeiro turno entre os políticos que disputarão a eleição está previsto para o dia 26 de setembro. Em um eventual segundo turno, o debate será realizado no dia 17 de outubro. Os dois eventos terão duração de uma hora e vinte e cinco minutos (das 18h20 às 19h45) e serão realizados no estúdio do SBT.  A transmissão ao vivo será feita em TV aberta, nos sites do ",do UOL,"{'pdt', 'psdb', 'psb', 'pmdb', 'pps', 'pros', 'ce'}"
30,https://noticias.uol.com.br/politica/eleicoes/2018/noticias/2018/05/20/contra-nomes-de-peso-renan-encara-concorrencia-inedita-pelo-senado.htm,"Dida Sampaio/Estadão Conteúdo O senador Renan Calheiros (MDB-AL)   O caminho de Renan Calheiros (MDB) para tentar a reeleição ao Senado, em outubro, deve ser o mais difícil da carreira do homem forte da política alagoana. Em meio a fins de alianças e silêncio sobre as negociações, o ex-presidente do Senado (em três ocasiões) deve enfrentar a concorrência de quatro nomes relevantes na corrida --um feito inédito. Neste ano, cada estado elege duas cadeiras no Senado.  A cientista política Luciana Santana, da Ufal (Universidade Federal de Alagoas), vê um cenário duro: ""Pela primeira vez, ele está tendo de enfrentar candidatos competitivos que podem, sim, tirá-lo da disputa por uma dessas duas vagas"".  Já Ranulfo Paranhos, também professor da Ufal, afirma que ""o maior concorrente do senador é o próprio nome Calheiros, que é muito ruim nacionalmente e tem rejeição aqui"".   Santana também destaca o fator antipatia do eleitor. ""Conta muito nessa disputa a rejeição que esses candidatos têm, e ela vai indicar a capacidade de atração do eleitor para uma das vagas. Renan tem uma base muito consistente, mas que não é capaz sozinha de fazer com que ele seja reeleito. Existe um conjunto da população que tem rejeição altíssima a ele. O que ele vai ter de fazer para reverter esse quadro? Tentar dialogar com esse público.""  ""Além disso, o grande oponente nesta eleição é a Operação Lava Jato. Se um dos processos em que ele é acusado tiver um trâmite mais veloz, isso pode impactar na campanha. Ou mesmo um áudio vazado ou um esquema que seja denunciado na televisão"", completa Paranhos.  Para ajudar na empreitada, Renan conta com apoio do PT no estado e, mesmo tendo votado a favor do impeachment de Dilma Rousseff, conseguiu se reaproximar do ex-presidente Lula e o recebeu durante a passagem por Alagoas da caravana do petista, em agosto do ano passado. ", Ciro Gomes infla números ao falar da dívida pública ,"{'al', 'pt', 'pmdb'}"
31,https://noticias.uol.com.br/politica/eleicoes/2018/noticias/agencia-estado/2018/05/19/lacerda-ex-prefeito-de-bh-nao-descarta-ser-vice-de-ciro-gomes.htm,"Ricardo Borges/UOL Ciro Gomes, pré-candidato do PDT  Pré-candidato ao governo de Minas Gerais pelo PSB, o ex-prefeito de Belo Horizonte Marcio Lacerda pode deixar a disputa para ser candidato a vice-presidente na chapa de Ciro Gomes (PDT). Essa possibilidade passou a ser discutida nos últimos dias por líderes dos dois partidos.  ""Não descarto a possibilidade de ser vice do Ciro, mas não deixei a pré-campanha em Minas Gerais. Fiquei honrado com a lembrança. Se houver uma composição PDT-PSB, ela será em torno de princípios"", afirmou ao jornal ""O Estado de S. Paulo"".  O ex-prefeito relatou que estão ocorrendo conversas entre as duas siglas, mas ressaltou que uma eventual aliança só será feita após uma consulta ampla ao seu partido. ""Há uma simpatia no PSB pela aproximação com o PDT"", disse Lacerda.  Em entrevista recente ao ""Estado"", Ciro afirmou que gostaria de um nome da ""produção"" e do Sudeste para ser vice em sua chapa. Na ocasião, citou o empresário mineiro Josué Gomes (PR), presidente da Coteminas. A conversa, porém, não avançou. Na semana passada, o Estado revelou que Benjamin Steinbruch, da CSN e vice-presidente da Federação das Indústrias do Estado de São Paulo (Fiesp), filiou-se ao PP e passou a ser cotado para a vaga.  Uma aliança com PSB, porém, é vista como prioritária no entorno de Ciro. Esse cenário ganhou força após a desistência do ex-ministro Joaquim Barbosa (PSB) de disputar à Presidência da República.  A relação entre Ciro e Marcio Lacerda precede a eleição. Em 2003, quando assumiu o Ministério da Integração Nacional de Luiz Inácio Lula da Silva, Ciro convidou Lacerda para ocupar seu primeiro cargo público: o de secretário executivo na pasta.  Cinco anos depois, em 2008, Lacerda foi o candidato do PSB à prefeitura de Belo Horizonte após uma articulação que envolveu o então governador, Aécio Neves (PSDB), e Lula, mas que passou também por Ciro. O ex-ministro foi até a capital mineira ajudar na primeira campanha do amigo.  Segundo lideranças do PSB, o partido trabalha com três cenários na eleição deste ano. A ideia de apoiar Ciro ganha força, mas há um setor que defende a neutralidade na campanha presidencial. Uma terceira corrente prega uma aliança nacional com o PT na disputa presidencial, o que implica apoiar a pré-campanha de Lula, que está preso.  Em outra frente, o PT de Minas Gerais tenta convencer Lacerda a ser candidato a vice na chapa do governador Fernando Pimentel, que disputa a reeleição. O petista admitiu ontem em Recife que o PSB pode compor a chapa majoritária com o PT na eleição estadual em Minas.  ""O PSB é um partido importante e no caso de Minas tem uma liderança popular muito reconhecida que é o ex-prefeito Márcio Lacerda"", disse Pimentel na capital pernambucana após participar de um encontro com governadores do Nordeste.  Ciro desconversou ontem (18) em Fortaleza quando foi questionado sobre as articulações para definir o nome de seu vice. ""Isso vai acontecer a partir de junho, quando começamos a preparar as convenções de julho e agosto.""  Sobre o cenário eleitoral, o pedetista prevê uma redução no número de candidatos à Presidência no primeiro turno.  Ciro acredita que cerca de 15 pré-candidatos ao Palácio do Planalto chegarão na reta final em outubro deste ano. ""Acho que, assim como Joaquim Barbosa, outros pré-candidatos sairão. Não haverá 23 candidatos, como hoje se menciona. No mínimo, uns 15"", disse.  O presidenciável concedeu entrevista coletiva no 60.º Congresso Nacional de Hotéis, na capital cearense. As informações são do jornal O Estado de S. Paulo.",do UOL,"{'pdt', 'psdb', 'psb', 'pe', 'pr', 'ce', 'ac', 'mg', 'pt', 'sp', 'pp'}"
32,https://noticias.uol.com.br/politica/eleicoes/2018/noticias/agencia-estado/2018/05/19/planalto-da-aval-e-meirelles-acelera-pre-campanha.htm,"Foto: Fabio Rodrigues Pozzebom/Agencia Brasil O ministro da Fazenda e pré-candidato do MDB à Presidência, Henrique Meirelles  O governo resolveu vestir a roupa de candidato no ex-ministro da Fazenda Henrique Meirelles (MDB). Com aval do presidente Michel Temer, que desistiu de tentar novo mandato, Meirelles vai acelerar a pré-campanha ao Palácio do Planalto a partir da próxima semana. A estratégia está sendo montada na tentativa de tirar o foco negativo de Temer, pôr o MDB na disputa com um nome não citado na Lava Jato e testar o potencial de crescimento do ex-comandante da economia.  O primeiro passo dessa articulação ocorrerá na terça-feira (22), quando o partido lançará um documento batizado de ""Encontro com o Futuro"", versão preliminar do programa de governo.  Impopular, Temer deve anunciar ali a desistência do projeto de reeleição, ungindo Meirelles. A candidatura, porém, ainda terá de passar pelo crivo da convenção do MDB, em julho.  A reportagem apurou que o lançamento da cartilha foi antecipado justamente para a legenda iniciar sua ofensiva política. ""O presidente Temer deve oficializar o mais rápido possível a sua não candidatura, sob pena de inviabilizar uma candidatura do partido"", disse a líder do MDB no Senado, Simone Tebet (MS). ""Estamos preocupados em manter o tamanho das bancadas na Câmara e no Senado.""  A convite de Simone, Meirelles se reuniu com senadores do MDB na quarta-feira (16). Mostrou dados de pesquisas indicando que, embora ainda conte com menos de 1% das intenções de voto, tem chances de empinar sua campanha em um cenário no qual a centro-direita está rachada. Além disso, afiou o discurso contra seus possíveis adversários, como Jair Bolsonaro (PSL), Ciro Gomes (PDT) e Marina Silva (Rede). ""Ninguém quer retrocesso e há ceticismo em relação a mudanças radicais"", disse Meirelles.  O movimento do Planalto e da cúpula do MDB ocorre no momento em que Temer e o ex-governador Geraldo Alckmin (PSDB) começam a se estranhar. O presidente ficou irritado com rumores de que estaria aflito, atrás do apoio dos tucanos. ""Eles é que me procuraram"", reagiu.  Preocupado com o baixo desempenho de Alckmin nas pesquisas, o PSDB decidiu lançar um manifesto suprapartidário, pregando a união das candidaturas de centro. Assinado pelo ex-presidente Fernando Henrique, o documento - redigido pelo secretário-geral do partido, Marcus Pestana (MG), e pelo senador Cristovam Buarque (PPS-DF) - defenderá a união desse bloco para evitar o avanço do ""radicalismo"" na campanha. ""Somos o bloco dos desextremados"", brincou Cristovam.  Temer, por sua vez, pediu para o senador João Henrique Souza (MDB-PI) ciceronear Meirelles na maratona de conversas com os correligionários e procurar conter divergências. Hoje o ex-ministro irá ao encontro estadual do MDB em Campo Grande; na segunda-feira estará em Belo Horizonte e no início de junho visitará Salvador. A reunião de Meirelles com a bancada na Câmara, em Brasília, ficou marcada para o dia 29.  Pelo menos nove diretórios do MDB, no entanto, preferem que a sigla não apresente chapa própria e libere suas seções para acordos nos Estados. Nessa lista estão Alagoas, Ceará e Paraná. ""Há grande divisão e muitas conversas nos bastidores, fora do radar do governo"", comentou o senador Renan Calheiros (AL), que quer subir no palanque do PT em Alagoas. ""Ir com Meirelles seria suicídio político.""  Na mesma linha, o senador Roberto Requião (PR) disse que, se o ex-ministro chegar à convenção nacional, baterá chapa com ele. ""Não vamos permitir esse insulto à consciência emedebista"", provocou.  Na prática, a decisão de transformar Meirelles em candidato tem objetivos bem pragmáticos. Ele diz ter condições de financiar a própria campanha, discurso que agrada às bancadas, de olho no Fundo Partidário. Não é só: o MDB precisa de um nome para chamar de seu em uma quadra na qual disputa com DEM e PSDB o apoio de aliados e quer liderar as negociações.  Animado, Meirelles contratou o marqueteiro Chico Mendez para fazer a pré-campanha e investir nas redes sociais. Foi criado o bordão ""Chama o Meirelles"", para mostrar que só ele seria capaz de ""apagar incêndios"" no País. As informações são do jornal O Estado de S. Paulo."," Ciro rechaça privatizações e critica ""lucro exorbitante"" de banqueiros ","{'pdt', 'pi', 'psdb', 'ba', 'al', 'psl', 'pmdb', 'df', 'dem', 'pps', 'pr', 'rede', 'ce', 'ms', 'mg', 'pt'}"
33,https://noticias.uol.com.br/politica/eleicoes/2018/noticias/2018/05/19/com-equipe-enxuta-pre-campanha-de-bolsonaro-e-ditada-pelo-improviso.htm,0,do UOL,set()
34,https://noticias.uol.com.br/politica/eleicoes/2018/noticias/2018/05/19/militares-candidatos-terao-projeto-unificado-e-mourao-como-cabo-eleitoral.htm,"Pedro Ribas/ANPr - Agência de Notícias do Paraná General Antonio Hamilton Martins Mourão  Um grupo de militares organizados pelo general da reserva Antônio Hamilton Martins Mourão em torno do Clube Militar vai desenvolver diretrizes de programas de governo e pautas no Legislativo de cerca de 70 militares pré-candidatos às eleições de 2018 --entre eles, postulantes à Câmara e Senado, governos e assembleias estaduais. Mourão disse ao   A articulação, com pré-candidatos em todos os estados, é inédita após a ditadura militar. O Clube Militar, que tem como sede um prédio na Cinelândia, na região central do Rio de Janeiro, deve funcionar como um centro para essa articulação e divulgação das candidaturas.  O general, que integrou o Alto Comando do Exército e deu declarações polêmicas entre 2015 e 2017 (criticando o governo Dilma Rousseff e sugerindo uma intervenção militar no governo), avalia que chegou a hora de os militares retornarem ao poder pelas vias democráticas. ""Agora não resta dúvida de que a sociedade está clamando por isso"", afirmou.  Filiado ao PRTB, ele diz que não se candidatará a cargo público, mas atuará como articulador e usará sua imagem para ajudar nas campanhas dos colegas. Candidato único à presidência do Clube Militar, Mourão deve ser eleito por aclamação no fim deste mês.  Fundado em 1887, o clube é uma instituição privada que reúne militares da reserva e da ativa e tem funcionado como órgão representativo, pois eles não podem formar sindicatos. Seu passado é marcado por intenso envolvimento político, como nas campanhas abolicionista e republicana, mas, desde a ditadura militar, o clube vinha evitando a política (exceto ao se manifestar contra os resultados da Comissão da Verdade em 2014).  Os pré-candidatos, que pertencem a legendas cujo espectro político abrange da direita ao centro (PSL, PR, DEM, PSD, PROS, PSDC, PRP, PTB, PEN, PHS, NOVO, Patriotas, PRTB e PSDB), pretendem lançar mão de financiamento coletivo na internet e das redes sociais para divulgação.  Independentemente das siglas, a maioria deve apoiar o pré-candidato à Presidência pelo PSL Jair Bolsonaro que, segundo a última pesquisa (  Os programas abordarão temas como o combate à corrupção, integração da segurança pública e privatização de estatais. Mourão diz ver com ressalvas programas sociais de renda, uma das principais políticas dos governos de Lula e Dilma Rousseff.  O movimento acontece em um momento em que as Forças Armadas estão em evidência na intervenção federal no Rio de Janeiro (chefiada por um general da ativa) e no socorro humanitário a imigrantes venezuelanos em Roraima. E ocorre após o comandante do Exército, Eduardo Villas Bôas, publicar mensagem no Twitter na véspera do julgamento pelo STF (Supremo Tribunal Federal) de habeas corpus que poderia evitar a prisão de Lula --para analistas, a mensagem teve influência na decisão.  Também ocorre em cenário marcado pela divulgação dos chamados papéis da CIA, documentos da agência de inteligência americana que indicam o aval de ex-presidentes militares brasileiros, como Ernesto Geisel, para assassinatos de opositores do regime militar.  O Exército afirmou, porém, que apesar dos postulantes terem origem militar, não possui qualquer ligação com as pré-candidaturas. O Centro de Comunicação Social do Exército afirmou ao   "," Ciro chama reforma trabalhista de ""selvageria"" e diz foi volta ao século 18 ","{'rj', 'ptb', 'pen', 'psdb', 'prtb', 'psd', 'psl', 'prp', 'dem', 'pr', 'psdc', 'pros', 'phs', 'rr'}"
35,https://noticias.uol.com.br/politica/eleicoes/2018/noticias/agencia-estado/2018/05/18/alckmin-entra-no-jogo-a-partir-de-agora-diz-marqueteiro-do-tucano.htm,"Ricardo Borges/UOL  Pressionado por tucanos e aliados a melhorar seu desempenho nas pesquisas de intenção de voto, o ex-governador Geraldo Alckmin (PSDB) fechou na noite de quinta-feira, 17, o contrato com a equipe de comunicação que será responsável por sua campanha. O marqueteiro de Alckmin será o jornalista Lula Guimarães, o mesmo da campanha vitoriosa de João Doria para a Prefeitura de São Paulo em 2016.  ""Alckmin entra no jogo a partir de agora. Em 2016 o Doria chegou com 5% na boca da campanha, mas ganhou no primeiro turno"", disse ele à reportagem. Além de Guimarães, também estarão no time o jornalista Carlos Graieb, ex-subsecretário de comunicação do governo paulista, que cuidará da assessoria de imprensa, e Marcelo Vitorino, que coordenará as redes sociais.  O jornalista Márcio Aith, que também foi secretário de comunicação de Alckmin, é o coordenador do grupo. A previsão do PSDB é que a campanha de Alckmin tenha um orçamento de R$ 70 milhões, sendo que 1/3 desse valor será destinado a comunicação. Os profissionais serão remunerados pelo partido no período da pré-campanha, até 14 de agosto. Depois disso, serão pagos com os recursos do Fundo público Eleitoral.",UOL Notícias,"{'sp', 'psdb'}"
36,http://www.band.com.br/noticias/eleicoes/conteudo.asp?ID=100000914234&t=em-conversa-com-haddad-e-gleisi-lula-veta-acenos-a-ciro-gomes,"
 O ex-presidente Luiz Inácio Lula da Silva, em conversa com a presidente do PT, a senadora Gleisi Hoffmann (PR), e o coordenador do seu programa de governo, Fernando Haddad, desautorizou tratativas com o pré-candidato do PDT à Presidência, Ciro Gomes, e reafirmou que se mantém candidato, disse à agência de notícias  Lula, preso há 40 dias na Superintendência da Polícia Federal em Curitiba, condenado por corrupção passiva e lavagem de dinheiro, recebeu Haddad pela primeira vez nessa quinta-feira, 17, o tempo todo acompanhado por Gleisi. O ex-prefeito de São Paulo havia iniciado conversas com o PDT e o PSB sobre uma possível aliança de esquerda para as eleições deste ano, autorizado por Lula quando o ex-presidente ainda estava solto. Lula, no entanto, nunca deixou que as conversas fossem além de uma aproximação inicial e não as levou para fora de um pequeno círculo de amigos mais próximos dentro do PT, segundo contaram à  De acordo com a fonte, Lula ainda aposta nos dois recursos judiciais que tramitam no Supremo Tribunal Federal (STF) para ser solto e em concorrer com base em uma liminar que suspenda os efeitos da lei da ficha limpa - que proíbe pessoas condenadas em segunda instância de concorrer a cargos eletivos - para que sua candidatura não seja impugnada. Desde a prisão de Lula, cresce no PT o movimento de pessoas que pedem uma aliança de esquerda para essas eleições. Nas últimas semanas, os governadores do Ceará, Camilo Santana, e da Bahia, Rui Costa, manifestaram publicamente interesse em uma aliança com o pedetista. Ex-ministro e ex-governador da Bahia, Jaques Wagner foi outro a defender publicamente a possibilidade do PT ceder a cabeça de chapa e apoiar outro nome nessas eleições, citando especificamente Ciro Gomes. O pré-candidato do PDT chegou a dizer, em entrevista à "," Ciro vê Bolsonaro como o mais fácil de ser batido por ter ""soluções toscas"" ","{'pdt', 'ba', 'psb', 'pr', 'ce', 'pt', 'sp'}"
37,http://www.band.com.br/noticias/eleicoes/conteudo.asp?ID=100000914177&t=para-fhc-nao-se-deve-confundir-centro-com-centrao,"
 O ex-presidente Fernando Henrique Cardoso afirmou nesta quinta-feira, 17, que a defesa da união do que ele chama de ""centro democrático e reformista"" não deve ser confundida com o ""Centrão"" - bloco informal na Câmara composto por partidos médios e pequenos. Fernando Henrique, presidente de honra do PSDB, é um dos signatários de um manifesto a ser lançado no fim de maio, conforme antecipado pelo jornal  ""Acho que precisa haver um esforço"", afirmou o tucano nesta quinta, na Fundação FHC, em São Paulo. ""Se você diluir o centro no Centrão, não corresponde com o desejo de reforçar o pensamento democrático, prestar atenção nas desigualdades, combate à corrupção e visão de futuro, o Brasil integrado na economia global, isso que eu acho uma visão que precisa ser renovada no centro"", disse. Como Centrão, o tucano disse que se refere a pessoas com interesses fisiológicos no ""dá cá toma lá"" de partidos e governo. Em recado a seu partido, Fernando Henrique disse que é preciso unir o centro nas eleições, mas misturar o chamado ""Centrão"" na aliança pode ter um custo caro perante o eleitorado. Questionado se o ex-governador Geraldo Alckmin, presidenciável do PSDB, está confundindo o centro com Centrão, FHC disse que ele tem sido prudente. ""Não tem nem dado passos além da perna"", afirmou. Em Fortaleza, o empresário Flávio Rocha, presidenciável pelo PRB disse nesta quinta que apoia o manifesto lançado por FHC. ""Eu me associo inteiramente, inclusive fui pioneiro neste esforço de fazer face aos dois extremos que nos remetem aos dois piores momentos de nossa história: a era da ditadura e a da recente destruição da economia brasileira"", disse.",do UOL,"{'prb', 'sp', 'psdb', 'ce'}"
38,https://noticias.uol.com.br/politica/eleicoes/2018/noticias/2018/05/18/uol-folha-e-sbt-entrevistam-ciro-gomes-nesta-segunda-21.htm,"Eduardo Knapp/Folhapress Ciro Gomes, pré-candidato à Presidência pelo PDT  O   Ciro será o segundo sabatinado da série.   Se a candidatura de Ciro for confirmada, esta será a terceira vez que o político disputará a Presidência. Na última tentativa de chegar ao Palácio do Planalto, em 2002, o pedetista concorreu pelo PPS e terminou em quarto lugar, com 11,97% dos votos válidos, o que representou o apoio de cerca de 10 milhões de eleitores.   Em 1998, Ciro concorreu também pelo PPS e terminou em terceiro lugar, com 10,97% dos votos.  O político foi ministro da Fazenda entre setembro de 1994 e janeiro de 1995, período final do governo Itamar Franco e início do governo Fernando Henrique Cardoso.  Ciro também foi ministro da Integração Nacional, entre janeiro de 2003 e março de 2006, no primeiro mandato de Luiz Inácio Lula da Silva. Ex-governador do Ceará e ex-prefeito de Fortaleza, Ciro também foi deputado estadual e federal.  Em setembro de 2015, Ciro se filiou ao PDT e está no sétimo partido de sua carreira política. Ele também já foi filiado ao PDS, PMDB, PSDB, PPS, PSB e PROS.  Na sabatina, Ciro será entrevistado pelos jornalistas Diogo Pinheiro, chefe de reportagem do   Na próxima quarta-feira (23), acontece a sabatina com o pré-candidato   Esta é a terceira eleição consecutiva em que o   As regras de participação nas sabatinas e debates foram definidas em reunião na sede do SBT no dia 22 de março, com representantes de 18 dos 35 partidos registrados no TSE (Tribunal Superior Eleitoral).  Foram convidados os seis candidatos à Presidência mais bem colocados na pesquisa Datafolha divulgada em 16 de abril.   Depois dos presidenciáveis,   O debate de primeiro turno entre os políticos que disputarão a eleição está previsto para o dia 26 de setembro. Em um eventual segundo turno, o debate será realizado no dia 17 de outubro. Os dois eventos terão duração de uma hora e vinte e cinco minutos (das 18h20 às 19h45) e serão realizados no estúdio do SBT.  A transmissão ao vivo será feita em TV aberta, nos sites do "," Ciro diz que vai discutir ""lucros exorbitantes"" dos bancos ","{'pdt', 'psdb', 'psb', 'pmdb', 'pps', 'pros', 'ce'}"
39,https://noticias.uol.com.br/politica/eleicoes/2018/noticias/2018/05/18/bolsonaro-cogita-chapa-pura-e-nao-descarta-janaina-paschoal-como-vice.htm,"Foto: EBC O deputado federal Jair Bolsonaro é pré-candidato do PSL à Presidência da República  Apesar de já admitir publicamente que aceitaria ""na hora""   Questionado pela reportagem sobre a possibilidade de compor a chapa com a advogada Janaina Paschoal, autora do pedido de impeachment que derrubou a ex-presidente Dilma Rousseff (PT), Bolsonaro não a descartou. Professora de direito penal da USP (Universidade de São Paulo), ela se filiou ao PSL no último dia do prazo legal para quem quer disputar as eleições desse ano, em abril.  ""Eu só conversei com ela uma vez, por telefone, e não tocamos nesse assunto. Ela está filiada, não sei o interesse dela. E devo conversar com ela nos próximos dias. Não sei se ela quer, se ela não quer"", comentou o presidenciável em conversa com a reportagem nesta quarta-feira (16), no plenário da Câmara. Ao dizer que também se preparava para ""ser chapa pura"", Bolsonaro disse que não entraria em detalhes sobre o plano ""por estratégia"".",UOL Notícias,"{'pt', 'sp', 'psl'}"
