,links,noticia,titulos,estacoes,categorias
0,https://noticias.uol.com.br/confere/ultimas-noticias/2018/05/24/uol-confere-sabatina-de-marina-silva.htm,0,"Desmatamento, Lava Jato, doações: o que Marina acertou ou não em sabatina",{},{}
1,http://www.band.com.br/noticias/eleicoes/conteudo.asp?ID=100000915141&t=e-preciso-se-antecipar-diz-marina-sobre-greve-dos-caminhoneiros,0,"'É preciso se antecipar', diz Marina sobre greve dos caminhoneiros",{},{}
2,http://www.band.com.br/noticias/eleicoes/conteudo.asp?ID=100000915139&t=tse-julgara-se-reus-como-lula-e-bolsonaro-podem-disputar-presidencia,0,"TSE julgará se réus, como Lula e Bolsonaro, podem disputar Presidência",{},{}
3,https://www3.uol.com.br/uolmais/2018/05/24/marina-fala-de-lula-critica-petrobras-e-aborda-agenda-lbgt-veja-trechos.htm,"A pré-candidata da Rede à Presidência, Marina Silva, defendeu na sabatina realizada pelo UOL, pela Folha e pelo SBT em São Paulo, que o ex-presidente Luiz Inácio Lula da Silva (PT) não seja apresentado ao eleitor como candidato às eleições de outubro. Durante entrevista, ela também falou sobre a alta nos preços dos combustíveis, agronegócio, reformas do governo Temer, agenda LGBT, entre outros temas. Veja íntegra da sabatina.","Marina fala de Lula, critica Petrobras e aborda agenda LBGT. Veja trechos",{sp},"{pt, rede}"
4,https://noticias.uol.com.br/politica/eleicoes/2018/noticias/agencia-estado/2018/05/24/vou-continuar-atirando-mas-com-silenciador-afirma-bolsonaro.htm,"Wilton Junior/Estadão Conteúdo<p> Para ampliar o eleitorado, o ex-capitão Bolsonaro moldou o discurso e virou apenas Jair nos grupos de redes sociais que defendem sua campanha ao Palácio do Planalto. ""Vou continuar atirando, mas agora com silenciador"", disse o deputado Jair Bolsonaro (PSL-RJ) à reportagem do jornal <p> A estratégia partiu de uma equipe de parlamentares aliados de Bolsonaro que busca ""suavizar"" a imagem do pré-candidato à Presidência nas eleições 2018 e dissociá-lo de discussões envolvendo temas como racismo, homofobia, machismo e tortura.<p> Bolsonaro disse que pretende atender aos apelos da equipe que formula sua candidatura e adotar um estilo mais conciliador, técnico e moderado, levando em conta as primeiras pesquisas de marketing que chegaram ao seu grupo. O deputado, no entanto, deixou clara sua preocupação com a espécie de pacto que fez com seus seguidores mais radicais, na internet e nas esferas militares: ""Tenho pelo menos cem mil marqueteiros pelo Brasil"".<p> O presidenciável sofreu um revés logo no primeiro teste do esforço em demonstrar ""pé no chão"" em assuntos que costumam ter efeitos colaterais no debate eleitoral, como responsabilidade fiscal. Acostumado aos aplausos de seus fiéis seguidores, Bolsonaro foi vaiado quando tentou juntar frases de compromisso com as finanças públicas e declarações divertidas ao responder a perguntas sobre saúde, educação e saneamento básico durante a tarde desta quarta-feira, 23, na Marcha dos Prefeitos.<p> Minutos depois das críticas, ele desabafou a pessoas próximas:<p> Bolsonaro afirmou à reportagem que há mais de um ano busca diálogo com setores diversos da sociedade - empresários, economistas e lideranças sociais. Um aliado do deputado no Congresso relata que, no fim de março, em uma reunião em Brasília para discutir a campanha, houve uma certa ""queda de braço"", entre os apoiadores do pré-candidato na discussão sobre a necessidade de uma mudança gradual nos discursos. Venceu a turma que pediu mais discursos técnicos e moderados, voltados especialmente ao público feminino.<p> A presença de Bolsonaro no encontro com os prefeitos expôs a sua dificuldade em se apresentar para públicos diferentes da tradicional plateia de terminal de aeroporto, que grita ""mito"" toda vez que o pré-candidato brada contra a bandidagem.<p> Bolsonaro usou parte do seu discurso nesta quarta-feira para defender ruralistas e atacar ambientalistas. Os prefeitos, porém, demonstraram indiferença com os temas tradicionais do presidenciável. Em busca de socorro financeiro, os chefes municipais se irritaram quando Bolsonaro puxou da manga uma brincadeira e disse que ""se a pessoa tiver emprego ela não precisa ir para o hospital"".<p> Ali, segundo um interlocutor, Bolsonaro também demonstrou dificuldades em levar ao palanque as ideias do seu principal conselheiro na área econômica. Nas últimas semanas, o economista Paulo Guedes tem discutido com o pré-candidato a questão das restrições orçamentárias em análises que incluem reformas trabalhista, tributária e previdenciária. Guedes é um dos que já seguem à risca o uso apenas do primeiro nome do presidenciável.<p> No caso do principal discurso de Bolsonaro, o endurecimento de medidas de combate à criminalidade, a ideia é dar embasamento técnico a declarações que soaram polêmicas e radicais como a da promessa de dar fuzil a fazendeiro para enfrentar o crime no campo. Agora, o pré-candidato ressaltará a necessidade de armas de cano longo e facilidade no porte de armas em algumas situações.<p> No momento em que ensaia a adoção de uma estratégia adotada pelo tucano Geraldo Alckmin, que na eleição de 2006 tirou o sobrenome da campanha, Bolsonaro só não quer copiar o ex-presidente Luiz Inácio Lula da Silva que deixou de lado a imagem de radical para ultrapassar os 30% do eleitorado.<p> Também se irrita quando o comparam ao ex-presidente Fernando Collor (PTC-AL), por achar que avançará no processo eleitoral sem acusações de corrupção. ""Não me comparem ao Lula nem ao Collor"", reagiu na conversa com a reportagem.","'Vou continuar atirando, mas com silenciador', afirma Bolsonaro","{df, al, rj}","{ptc, psl}"
5,https://noticias.uol.com.br/ultimas-noticias/agencia-brasil/2018/05/24/tse-julgara-se-reus-como-lula-e-bolsonaro-podem-disputar-presidencia.htm,0,"TSE julgará se réus, como Lula e Bolsonaro, podem disputar Presidência",{},{}
6,https://noticias.uol.com.br/politica/eleicoes/2018/noticias/2018/05/24/liberar-armas-nao-resolve-o-problema-da-violencia-diz-marina-silva.htm,"Carine Wallauer/UOL<p> A pré-candidata à Presidência Marina Silva (Rede) diz ser terminantemente contra a flexibilização do desarmamento. Na sabatina promovida por UOL, Folha de S. Paulo e SBT nesta quinta-feira (24), a ex-ministra afirmou que não é papel do cidadão ""fazer justiça com as próprias mãos"". ""Liberar [o porte de] armas é insanidade, não resolve o problema da violência"", declarou.<p> De acordo com Marina, o o controle da segurança pública é dever do Estado e um poder como este não deve ser dado ao cidadão.  ""Vamos criar uma guerra civil. Estamos em pleno século 21, pelo amor de Deus, todas as democracias evoluídas estão indo contra"", afirmou a ex-senadora.<p> Marina, que declarou já ter tido uma espingarda em casa quando criança como ""ferramenta"", argumentou ainda que a flexibilização poderia piorar a questão da violência doméstica.<p> A pré-candidata diz que é preciso pensar em um plano nacional de segurança. Entre suas propostas estão a valorização do policial e integração das polícias do país por meio do aperfeiçoamento tecnológico.","""Liberar armas não resolve o problema da violência"", diz Marina Silva",{},{rede}
7,https://www3.uol.com.br/uolmais/2018/05/24/veja-a-integra-da-sabatina-do-uol-folha-e-sbt-com-marina-silva.htm,"A pré-candidata da Rede à Presidência, Marina Silva, defendeu na sabatina realizada pelo UOL, pela Folha e pelo SBT em São Paulo, que o ex-presidente Luiz Inácio Lula da Silva (PT) não seja apresentado ao eleitor como candidato às eleições de outubro. Durante entrevista, ela também falou sobre a alta nos preços dos combustíveis, agronegócio, reformas do governo Temer, agenda LGBT, entre outros temas. Veja íntegra da sabatina.","Veja a íntegra da sabatina do UOL, Folha e SBT com Marina Silva",{sp},"{pt, rede}"
8,http://congressoemfoco.uol.com.br/opiniao/colunistas/corrida-eleitoral-as-noivas-bruce-lee-e-o-samurai/,0,"Corrida eleitoral: as noivas, Bruce Lee e o samurai",{},{}
9,https://www3.uol.com.br/uolmais/2018/05/24/agronegocio-nao-tem-que-ficar-preocupado-comigo-diz-marina.htm,"A pré-candidata da Rede à Presidência, Marina Silva, disse durante sabatina com jornalistas do UOL, Folha de S. Paulo e SBT, nos estúdios do UOL, em São Paulo, que o agronegócio não deve temê-la, e que o agronegócio moderno sabe que é preciso ser sustentável.","Agronego?cio na?o tem que ficar preocupado comigo, diz Marina",{sp},{rede}
10,https://noticias.uol.com.br/politica/eleicoes/2018/noticias/2018/05/23/alckmin-cita-temer-e-afirma-que-governante-sem-voto-e-intruso.htm," O pré-candidato à presidência Geraldo Alckmin (PSDB) fez uma análise do governo Michel Temer e ressaltou que faltou legitimidade ao político do MDB no comando do Brasil. Na sabatina promovida por <p> ""Quem ganhar essa eleição terá o apoio de pelo menos 55 milhões de brasileiros no segundo turno"", afirmou Alckmin. ""A legitimidade nas urnas é forte. Quem não tem voto é intruso.""<p> De acordo com o pré-candidato, este foi um dos principais problemas do governo Temer, que assumiu após o Impeachment de Dilma Rousseff (PT). <p> ""Eu já fui governador com voto e sem voto"", lembrou Alckmin, ao se referir ao primeiro mandato no governo de São Paulo (2001-2002) com o morte de então governador Mário Covas, de quem era vice. ""Com voto é muito diferente.""<p> Alckmin desviou quando perguntado sobre uma possível nota para o governo Temer e afirmou que o Impeachment foi um ""trauma"", apesar de seu partido ter sido um dos principais apoiadores.<p> Alckmin também não respondeu sobre contar com o apoio do MDB, caso eleito. De acordo com o ex-governador, o número de partidos no país dificulta uma maioria.<p> ""Como fazer as reformas, que demandam mudanças constitucionais e requerem três quintos do Congresso [sem alianças]?"", questionou o tucano. ""Nenhum partido mais ter mais do que 10% da Casa.""<p> Ainda assim, Alckmin prometeu a realização de ""no mínimo"" quatro grandes reformas caso eleito: política, com adoção do voto distrital ou distrital misto e de cláusula de barreira; simplificação tributária; reforma do Estado, com diminuição dos gastos públicos; e da Previdência.<p> Para o ex-governador, é a força do voto que ajudará o presidente eleito nas suas alianças.<p> Alckmin é o terceiro sabatinado da série. O senador <p> No último dia 21, foi a vez do <p> Na quinta-feira (24), a pré-candidata Marina Silva (Rede) será a quarta entrevistada."," Alckmin cita Temer e afirma que governante sem voto é ""intruso"" ",{sp},"{mdb, psdb, rede, pt}"
11,https://noticias.uol.com.br/politica/eleicoes/2018/noticias/2018/05/23/alckmin-diz-que-pt-e-bolsonaro-sao-iguais-e-critica-coisa-atrasada.htm," O pré-candidato à presidência Geraldo Alckmin (PSDB) afirmou na sabatina promovida por <p> ""O Bolsonaro e o PT são a mesma coisa, é o corporativismo puro"", afirmou o ex-governador de São Paulo. ""Se você pegar os votos do Bolsonaro, é muito junto com o PT, é uma coisa atrasada.""<p> Segundo Alckmin, os dois pré-candidatos mais bem colocador na <p> ""O sofrimento foi muito grande com esse populismo"", afirmou o ex-governador. ""Caranguejo é quem anda para trás. O Brasil não vai regredir.""<p> Alckmin não foi tão duro com Ciro Gomes (PDT), com quem disputa o quarto lugar, atrás de Lula (PT), Bolsonaro e Marina (REDE). De acordo com pré-candidato, o ex-governador do Ceará não é corporativista e ""tem espírito público"".<p> ""O Ciro sempre foi do PSDB"", lembrou Alckmin. ""Mas temos divergências: nós queremos desestatizar e ele quer reestatizar.""<p> Alckmin é o terceiro sabatinado da série. O senador <p> No último dia 21, foi a vez do <p> Na quinta-feira (24), a pré-candidata Marina Silva (Rede) será a quarta entrevistada.",do UOL,"{sp, ce}","{psdb, pdt, rede, pt}"
12,https://www3.uol.com.br/uolmais/2018/05/23/alckmin-diz-que-aecio-nao-sera-candidato-e-que-nao-subira-em-palanque.htm,"O pré-candidato à presidência Geraldo Alckmin (PSDB) não pretende ter o apoio do colega de partido Aécio Neves em sua campanha eleitoral. Na sabatina promovida por UOL, Folha de S. Paulo e SBT nesta quarta-feira (23), o ex-governador disse acreditar que o senador não será candidato à reeleição e desconversou sobre a possibilidade de ter a companhia do político mineiro durante os próximos meses."," Alckmin diz que PT e Bolsonaro são iguais e critica: ""Coisa atrasada"" ",{},{psdb}
13,https://noticias.uol.com.br/politica/eleicoes/2018/noticias/2018/05/23/sabatina-geraldo-alckmin.htm,"Carine Wallauer/UOL<p>Geraldo Alckmin, pré-candidato do PSDB à Presidência, participa de sabatina com jornalistas do UOL, Folha de S. Paulo e SBT<p> Pré-candidato do PSDB à Presidência do Brasil, o ex-governador de São Paulo Geraldo Alckmin minimizou nesta quarta-feira (23), durante sabatina promovida por <p> Segundo os últimos levantamentos, Alckmin estaria fora do segundo turno se a eleição fosse hoje. O tucano chegou a aparecer com 4% das intenções de voto em um cenário da pesquisa CNT/MDA divulgado na semana passada, ficando em 5º lugar.<p> Diante do desempenho que preocupa seus aliados, ele minimizou os resultados e disse que ""as pessoas se impressionam com pesquisa eleitoral neste momento"". ""Pesquisa eleitoral nesse momento não está olhando o futuro"", declarou. ""Eu tenho de 6 a 12%. Eu não decolei. O que é decolar? Até 15 dias atrás, tinha 22 pré-candidatos. Isso é fruto da falta da reforma política"", avaliou.<p> Alckmin citou o desempenho dos ex-prefeitos de São Paulo João Doria (PSDB) e Fernando Haddad (PT), que ficaram em 1º e 2º lugar no último pleito municipal e tinham ""um dígito"" nas intenções de voto no início da campanha de 2016. Em comparação, os então candidatos Celso Russomano (PRB) e Marta Suplicy (MDB) tinham, segundo Alckmin, 30% e 20%, respectivamente.<p> ""O processo eleitoral não começou. Os argumentos da eleição ainda não comentaram. Quem está interessado na eleição? Só nós"", respondeu aos jornalistas que participaram da sabatina, acrescentando que a população só se empenhará na campanha em agosto, após a Copa do Mundo.<p> Alckmin afirmou que discute alianças com cinco partidos, mas descartou, no momento, se aliar ao MDB – cujo nome ao Planalto, Henrique Meirelles, disse respeitar.<p> Quanto às suposições de que Doria, pré-candidato ao governo de São Paulo, possa substitui-lo como cabeça de chapa na campanha à Presidência, afirmou que isso é ""fake news"". Ele ainda criticou a ""criatividade"" da imprensa e citou nomes que não foram para a frente, como o apresentador Luciano Huck e o ex-ministro do STF (Supremo Tribunal Federal) Joaquim Barbosa.<p> Segundo Alckmin, as definições de alianças e do vice na chapa só acontecerão em meados de julho, época das convenções partidárias. Ele afirmou acreditar que irá crescer e ""crescer forte"", com foco em agosto e setembro, pós-Copa do Mundo e festas juninas. Em viagens pelo Brasil, o ex-governador de São Paulo tem dito que o interesse do público às eleições só se manifestará semanas antes do primeiro turno do pleito e quando começar a campanha na televisão e no rádio.<p> O tucano declarou também que se sente indignado com as suspeitas de supostos crimes ocorridos em suas campanhas eleitorais e disse que ""não tem absolutamente nada"" nas investigações sobre ele.<p> Em uma defesa da própria trajetória política, Alckmin disse ter 40 anos de vida pública, citou suas experiências como vereador e prefeito de Pindamonhangaba (SP), deputado estadual e federal e governador, e afirmou que se aposentou pelo INSS (Instituto Nacional do Seguro Social), com R$ 5.000 de aposentadoria.<p> ""Moro no mesmo apartamento. Então eu me sinto indignado, porque há uma tendência agora no Brasil de defenestrar a política, dizer que é todo mundo igual. Não, não é. Quem enricar com política é ladrão. L-a-d-r-ã-o"", afirmou Alckmin, soletrando a última palavra. ""Tem que diferenciar as coisas"", completou. ""Isso é um absurdo verdadeiro"", disse o presidenciável. Alckmin afirmou que seu patrimônio total é de R$ 1,3 milhão, ""praticamente o mesmo de quatro anos atrás"".<p> O pré-candidato do PSDB disse ainda que todas as suas campanhas ""foram feitas rigorosamente dentro da lei, sem nenhuma ostentação"", depois de ser indagado sobre o suposto envolvimento de Adhemar Ribeiro, seu cunhado, na arrecadação de caixa 2 para despesas eleitorais.<p> Na delação da Odebrecht, Ribeiro foi acusado de ser intermediário no recebimento de R$ 10 milhões em caixa 2. ""Ficou 1 ano essa delação na PGR [Procuradoria-Geral da República  e não se chegou a nada"", diz o presidenciável. ""Não tem absolutamente nada.""<p> Segundo o ex-governador, seu cunhado é apenas um ""simpatizante do PSDB"".<p> ""Ele é casado com uma banqueira, dono de financeira, simpatizante do partido, nada mais do que isso. Não tem nenhuma relação com o governo"", declarou, sobre o cunhado, irmão de sua mulher, Maria Lúcia Guimarães Ribeira, conhecida como dona Lu.<p> Alckmin rebateu ainda as <p> ""Essa [acusação] da CCR eu não sei o que é, e está publicado na primeira página do jornal"", disse.<p> Questionado sobre as denúncias de irregularidades envolvendo as obras do Rodoanel, Alckmin afirmou que as investigações sobre o ex-diretor da Dersa Paulo Vieira de Souza --conhecido como Paulo Preto-- foram iniciadas pelo próprio governo. Documentos enviados ao Ministério Público mostram que Souza tinha R$ 113 milhões em contas na Suíça. ""Se isso for provado, ele tem que dizer a origem do dinheiro"", disse o pré-candidato do PSDB.<p> Sobre a investigação encaminhada pelo STJ (Superior Tribunal de Justiça) para a Justiça Eleitoral de São Paulo, depois que ele perdeu o foro privilegiado ao deixar o governo do estado, no mês passado, Alckmin disse que esse é ""o foro adequado"".<p> Ele argumentou que a decisão do Ministério Público paulista de abrir uma investigação criminal contrariou o STJ e a PGR (Procuradoria-Geral da República), mas afirmou que ""não tem nenhum problema"". ""Pode fazer as duas investigações"", declarou.<p> A sabatina com o tucano acontece no dia em que o ex-presidente do PSDB Eduardo Azeredo foi considerado foragido pela Polícia Civil de Minas Gerais.<p> Sobre o assunto, Alckmin afirmou que o PSDB não é imune a críticas nem à prestação de contas ao Poder Judiciário e <p> ""O PSDB não é imune à crítica, a prestar contas ao Poder Judiciário. Nós não passamos a mão na cabeça de ninguém. Justiça se cumpre. É para o PT, para o PSDB, é para todos os partidos. Ninguém está acima da lei Cumpra-se a Justiça, é essa a nossa posição"", declarou.<p> O presidenciável também foi questionado sobre <p> Questionado sobre como avalia o governo do presidente Michel Temer (MDB), Alckmin disse ser ""claro"" que faltou legitimidade ao emedebista para fazer as reformas propostas e, indiretamente, ser difícil governar com tantas acusações de corrupção. Ele se recusou a dar uma nota para a atual gestão.<p> ""Quando você não tem voto, você é meio intruso. Então, essa é lógica da democracia. Ela traz força, legitimidade, crença. [...] Pelas circunstâncias, primeiro pelo impeachment, isso é um trauma. É óbvio que tem consequências. Depois, não ter voto. As circunstâncias todas, dificílimo"", assegurou.<p> Em seguida, indagou como seria possível querer aprovar a reforma da Previdência no último ano de mandato. Temer e ministros já deram declarações de terem vontade de aprovar a medida após as eleições. ""Isso não existe"", assegurou.<p> Na sabatina, Alckmin informou querer implementar pelo menos quatro reformas: política, com voto distrital ou distrital misto; reforma tributária; reforma de Estado; e reforma da Previdência (sem a entrada das Forças Armadas em um regime único, mas com mudanças para os militares). Se eleito, garantiu que enviará projetos de lei e propostas de emenda constitucional até 1º de fevereiro de 2019. <p> O pré-candidato se disse favorável à reforma trabalhista aprovada pelo governo Michel Temer e que ela foi ""bem-feita"". Contudo, afirmou que precisa ser aperfeiçoada, como os termos de trabalho de grávidas e lactantes em situações de insalubridade.<p> Questionado se recriaria a CPMF (Contribuição Provisória sobre Movimentação Financeira), Alckmin negou e falou ser ""muito cômodo acertar as contas públicas aumentando a carga tributária"". Para o pré-candidato, é preciso reduzir despesas para aumentar a confiança, gerar investimentos e fazer a economia crescer.<p> Alckmin foi o terceiro sabatinado da série. O senador <p> No último dia 21, foi a vez do <p> Na quinta-feira (24), a pré-candidata Marina Silva (Rede) será a quarta entrevistada.<p> Jair Bolsonaro (PSL) foi convidado, mas ainda não confirmou presença. ",do UOL,{sp},"{psdb, pt, psl, prb, mdb, rede}"
14,https://noticias.uol.com.br/politica/eleicoes/2018/noticias/2018/05/23/alckmin-desconversa-sobre-apoio-de-aecio-neves-na-eleicao.htm," O pré-candidato à presidência Geraldo Alckmin (PSDB) não pretende ter o apoio do colega de partido Aécio Neves em sua campanha eleitoral. Na sabatina promovida por <p> ""Tenho impressão que ele não será candidato"", afirmou Alckmin quando questionado se subirá no palanque de Neves em Minas Gerais ou se receberia o senador em seu comício.<p> Sobre o ex-governador do Paraná, Beto Richa, também colega de partido, pré-candidato ao Senado e <p> Alckmin também disse ser contra o foro privilegiado. ""Não precisa ter foro nenhum"", afirmou o pré-candidato. ""A Justiça é igual para todo mundo.""<p> Alckmin é o terceiro sabatinado da série. O senador <p> No último dia 21, foi a vez do <p> Na quinta-feira (24), a pré-candidata Marina Silva (Rede) será a quarta entrevistada.", Alckmin diz que Aécio não será candidato e que não subirá em palanque ,"{pr, mg}","{psdb, rede}"
15,https://www3.uol.com.br/uolmais/2018/05/23/alckmin-rebate-acusacoes-sobre-ter-recebido-propina-da-ccr.htm,"O ex-governador de São Paulo Geraldo Alckmin (PSDB) rebateu durante sabatina do UOL, Folha de S. Paulo e SBT, as acusações de que sua campanha teria recebido R$ 5 milhões em caixa 2 da CCR em 2010, e afirmou que agiu contra o interesse da concessionária de estradas ao quebrar o monopólio do produto Sem Parar, que serve para pagar pedágios.",UOL Notícias,{sp},{psdb}
16,https://www3.uol.com.br/uolmais/2018/05/23/nao-passamos-a-mao-na-cabeca-de-ninguem-diz-alckmin-sobre-azeredo.htm,"O pré-candidato à Presidência e ex-governador de São Paulo, Geraldo Alckmin (PSDB), afirmou nesta quarta-feira (23), em sabatina promovida por UOL, Folha de S.Paulo e SBT, que o PSDB não é imune a críticas nem à prestação de contas ao Poder Judiciário quando questionado sobre o ex-governador de Minas Gerais Eduardo Azeredo (PSDB) estar foragido."," Alckmin minimiza pesquisas eleitorais: ""O que é decolar?"" ","{mg, sp}",{psdb}
17,https://noticias.uol.com.br/politica/eleicoes/2018/noticias/2018/05/23/alckmin-azeredo-foragido.htm,"Carine Wallauer/UOL<p>Geraldo Alckmin, pré-candidato do PSDB, participa de sabatina com jornalistas do UOL, Folha de S. Paulo e SBT<p> O pré-candidato à Presidência e ex-governador de São Paulo, Geraldo Alckmin (PSDB), afirmou nesta quarta-feira (23), em sabatina promovida por <p> Alckmin, que se licenciou do governo do estado para concorrer às eleições, também defendeu que a Justiça é para todos os partidos e deve ser cumprida.<p> ""O PSDB não é imune à crítica, a prestar contas ao Poder Judiciário. Nós não passamos a mão na cabeça de ninguém. Justiça se cumpre. É para o PT, para o PSDB, é para todos os partidos. Ninguém está acima da lei. Cumpra-se a Justiça, é essa a nossa posição"", declarou.<p> Questionado sobre o caso específico de Azeredo, o ex-governador disse que não é advogado e nem leu o processo. ""Decisão judicial se cumpre. Garante o direito de defesa e respeita a decisão judicial. Ela tem que ser para todo mundo. [Azeredo] Vai cumprir a decisão judicial"", declarou.<p> Indagado também sobre a demora no trâmite da ação contra Azeredo – 11 anos – o pré-candidato tucano reconheceu que o Brasil tem um histórico de morosidade por causa da quantidade de recursos. Para ele, a questão é institucional e se busca corrigi-la.<p> Alckmin também afirmou apoiar a prisão imediata do condenado após o esgotamento dos recursos na segunda instância da Justiça. Ao contrário, disse, os tribunais de Justiça serão um ""órgão de passagem"" e não terão efeito prático.<p> Alckmin é o terceiro sabatinado da série. O senador <p> No último dia 21, foi a vez do <p> Na quinta-feira (24), a pré-candidata Marina Silva (Rede) será a quarta entrevistada.",do UOL,{sp},"{psdb, rede, pt}"
18,https://noticias.uol.com.br/politica/eleicoes/2018/noticias/agencia-estado/2018/05/23/nao-vou-sair-do-partido-e-ninguem-me-tira-afirma-eunicio.htm,"Adriano Machado/Reuters<p> O presidente do Congresso, senador Eunício Oliveira (MDB-CE), reagiu ao recado do presidente Michel Temer que nesta terça-feira, 22, convidou a se retirar do partido quem se recusar a apoiar a candidatura do ex-ministro da Fazenda Henrique Meirelles ao Palácio do Planalto. Filiado há 45 anos no MDB, Eunício avisou, em entrevista ao jornal O Estado de S. Paulo, que não vai seguir a recomendação. ""Não vou sair e ninguém me tira.""<p> Eunício também criticou a política de preço dos combustíveis implantada pelo presidente da Petrobras, Pedro Parente. ""Entre os 'Parentes' e os consumidores eu vou ficar com os consumidores"", afirmou.<p> Eu vou ficar no MDB e vou tomar a minha própria decisão em relação a coligações estaduais e à Presidência da República. Não vou sair e ninguém me tira. Tenho 45 anos de partido.<p> Eu lamento que a direção nacional não tenha construído uma candidatura viável do partido. Aqui no Senado eu já vi gente se filiando de manhã para ocupar lugares na Mesa Diretora à noite. Sinceramente, eu não tenho nenhuma relação pessoal com o ex-ministro Meirelles. O conheci como presidente do BC (Banco Central). Ele nunca exerceu nenhum mandato pelo MDB. Não sei nem por quais partidos ele passou. Sei que do MDB ele não é.<p> O presidente da República é um filiado como outro qualquer. Dentro do MDB ninguém é maior do que ninguém. Esse é o PMDB que eu nasci nele e vou morrer nele. Não vou aceitar que ninguém me faça cobrança e me ameace. Já tive muita divergência dentro do partido, mas nunca saí e não vou mudar. Não vou cumprir missão de quem quer que seja. Vou morrer com a bandeira do Brasil em cima do caixão, a do Ceará e a do MDB.<p> Ninguém nunca botou cabresto ou uma corda na cabeça ou no pescoço e laçou para levar para onde quis. Comuniquei ao presidente da República em novembro. Já este ano, numa conversa com o presidente, ele disse que eu sempre estive liberado dentro do partido.<p> Estou conversando com minha coligação (que inclui o PT, do ex-presidente Luiz Inácio Lula da Silva, e o PDT, do presidenciável Ciro Gomes).<p> Nunca comi uma colher de sal com ele. Estou há quase dois anos na presidência do Congresso e nunca tive relacionamento com ele. Acredito que seja um brasileiro capaz. Agora, uma coisa é um brasileiro capaz e outra é um militante partidário.<p> É outro brasileiro por quem eu tenho respeito à distância.<p> Entre os 'Parentes' e os consumidores, eu vou ficar com os consumidores. É abusivo o que aconteceu no Brasil. Olha que eu sou ponderado. São 11 aumentos em 16 dias. E que ninguém venha me dizer que foi em função do dólar.<p> Já temos o aumento do combustível e agora vamos aprovar outra MP preparativa para o aumento de energia? Pelo amor de Deus! Energia, gasolina, gás de cozinha. As pessoas estão com medo de voltar ao fogão a lenha e ainda serem penalizadas pelo Ibama. Por isso montamos uma comissão geral. O ministro da Fazenda, o presidente do Cade (Conselho Administrativo de Defesa Econômica), os representante das distribuidoras vão ter que se explicar.<p> A Previdência tem que ser discutida pelos candidatos à Presidência da República para que as pessoas escolham a proposta que querem apoiar. Não é esse governo que tem que fazer a pauta da Previdência. As informações são do jornal O Estado de S. Paulo.", Alckmin desconversa sobre apoio de Aécio Neves na eleição ,{ce},"{mdb, pdt, pt}"
19,https://paranaportal.uol.com.br/politica/tse-garante-ao-menos-r-510-milhoes-para-campanha-eleitoral-de-mulheres/,0,do UOL,{},{}
20,http://congressoemfoco.uol.com.br/noticias/cordialidade-e-populismo-sanguinario/,0, Alckmin rebate acusações sobre ter recebido propina da CCR ,{},{}
21,https://noticias.uol.com.br/politica/eleicoes/2018/noticias/2018/05/23/com-cameras-e-vigilante-fas-do-pr-gastam-r-8000-por-outdoor-de-bolsonaro.htm,"Carlos Ohara/UOL<p> Uma foto desfocada, resultado da baixa resolução da imagem, do deputado federal Jair Bolsonaro (PSL-RJ) estampada em um outdoor de 6 metros de altura por 12 metros de largura - com marcas de pichação removida parcialmente, onde ainda possível ler as palavras ""machista"" e ""fascista"" – reúne um forte esquema de segurança em torno de si.<p> O painel está cercado por um sistema que inclui monitoramento de câmeras com sensores infravermelho, ronda de vigilantes motorizados e troca de informações em tempo real sobre a integridade do painel, iluminado durante a noite por potentes refletores. Toda a movimentação no local é registrada e arquivada durante 24 horas em discos rígidos e podem ser acessadas a qualquer momento. <p> A operação de proteção foi deflagrada no último final de semana em Campo Mourão, cidade localizada a 460 km de Curitiba, com cerca de 100 mil habitantes e um dos principais polos de produção agrícola do Paraná.<p> O plano de segurança do painel teve início após dois outdoors semelhantes terem sido pichados. Uma das peças publicitárias chegou a ser chamuscada por um foco de incêndio intencional. Os casos foram registrados e estão sendo investigados por policiais da 16ª Subdivisão Policial (SDP) da cidade. <p> Os custos do sistema de segurança estão sendo financiados por produtores rurais, empresários e simpatizantes locais pré-candidato a Presidente da República. Dois outros outdoors, de três metros de altura por nove metros de largura cada um, também estão espalhados pela cidade e, nos próximos dias, mais um será instalado na área central do município. <p> Apesar de defender as teses do deputado carioca, o grupo, que mantém contato via WhatsApp, evita expor suas opiniões publicamente. Eles temem que o posicionamento político possa atrapalhar negociações com clientes.<p> Dono de uma distribuidora de extintores de incêndio, o comerciante Ednaldo Manoel Maniezo, 40, é apontado pelos demais como porta-voz do grupo, que conta com cerca de 250 pessoas.<p> ",UOL Notícias,"{pr, rj}",{psl}
22,https://noticias.uol.com.br/politica/eleicoes/2018/noticias/2018/05/22/tse-partidos-devem-distribuir-recursos-para-candidaturas-femininas.htm," Por unanimidade, o Tribunal Superior Eleitoral (TSE) decidiu hoje (22) que os recursos do Fundo Partidário destinado aos partidos políticos devem ser distribuídos igualitariamente entre candidaturas de homens e mulheres, ficando pelo menos 30% para o financiamento de campanhas de mulheres. Pela decisão, o tempo de propaganda eleitoral no rádio e TV também deverá ter a mesma divisão.<p> A questão foi decidida por meio de uma consulta levada ao TSE pelas senadoras Gleisi Hoffmann (PT-PR), Vanessa Graziotin (PCdoB-AM) e outras parlamentares. Após a decisão do Supremo Tribunal Federal (STF) que, em março, julgou inconstitucional a limitação ao financiamento de candidaturas femininas na política, as parlamentares pediram ao TSE que o entendimento fosse aplicado na Justiça Eleitoral.<p> Ao votar sobre a questão, a relatora do caso, ministra Rosa Weber, disse que a Justiça Eleitoral sempre estimulou ações afirmativas para aumentar a participação das mulheres na política. Além de defender a igualdade na distribuição de recursos, Rosa citou dados que mostram que o Brasil tem cerca de 10% de representação feminina na Câmara dos Deputados e 14% no Senado, números inferiores em relação a parlamentos de países que restringem a participação da mulher na sociedade, como Afeganistão, Iraque, Paquistão, Arábia Saudita e Nigéria.<p> ""Em virtude do princípio [constitucional] da igualdade, não pode o partido político criar distinções na distribuição desses recursos, exclusivamente baseado no gênero. Assim, não há como deixar de reconhecer, como sendo a única intepretação constitucional admissível aquela que determina aos partidos políticos a distribuição dos recursos públicos destinados à campanha eleitoral na exata proporção das candidaturas de ambos os sexos"", afirmou a ministra.<p> Em março, o STF considerou inconstitucional a regra da Lei 13.165/2015, conhecida como minirreforma eleitoral, que limitou a transferência de recursos do Fundo Partidário para financiar as campanhas de mulheres filiadas. "," ""Não passamos a mão na cabeça de ninguém"", diz Alckmin sobre Azeredo ","{pr, am}","{pt, pcdob}"
23,https://noticias.uol.com.br/politica/eleicoes/2018/noticias/2018/05/22/programa-do-mdb-condiciona-parte-de-politicas-sociais-a-reformas-economicas.htm,"Mateus Bonomi/Agif/Estadão Conteúdo<p>Evento do MDB lançou o ""Encontro com o Futuro"" e a pré-candidatura do ex-ministro da Fazenda<p> O novo programa de governo do MDB ""Encontro com o Futuro"" <p> O ""Encontro"" tem 41 páginas de texto com análise de cenários políticos e socioeconômicos. Com a formulação comandada pelo ministro Moreira Franco (Minas e Energia), o ""Encontro"" ainda será aperfeiçoado ao longo dos meses com sugestões dos diretórios regionais.<p> Nesta terça-feira, Michel Temer oficializou Henrique Meirelles como candidato do MDB à Presidência nas eleições de outubro deste ano. Meirelles foi ministro da Fazenda de Temer e lançou sua pré-candidatura no início de abril.<p> O documento é considerado uma continuação do ""Ponte para o Futuro"", lançado pelo MDB no final de 2015, quando houve o início do estremecimento das relações do partido com a ex-presidente Dilma Rousseff, do PT. Meses depois, ela sofreria impeachment e Michel Temer, então vice, assumiria seu lugar.<p> ""As políticas sociais de educação, saúde e combate à pobreza, bem como os serviços de segurança pública, precisam continuar a ser reformadas. Mas é inegável que será necessário, em alguns casos, também um aumento dos gastos. O espaço fiscal para este fim terá que vir da Reforma da Previdência, da Reforma do Serviço Público e da diminuição das despesas com políticas de apoio ao setor produtivo, por meio de subsídios ao crédito e de isenções e desonerações fiscais"", diz trecho do documento.<p> ""A criação deste espaço fiscal que visa não apenas deter o crescimento da dívida pública, mas também financiar as diversas políticas sociais, constituirá uma grande transferência de renda em favor da imensa maioria da população"", consta no ""Encontro"", em seguida.<p> As 15 primeiras páginas do ""Encontro com o Futuro"" são dedicadas a fazer um balanço do governo Michel Temer, criticando a gestão de Dilma Rousseff e apresentando dados econômicos. Segundo o MDB, desde 2011, índices econômicos vinham decaindo e, em 2015, o Brasil enfrentava a pior crise da história.<p> Com o impeachment de Dilma e a chegada de Temer ao poder, afirma, se instalou um governo com o objetivo de recuperar a economia, gerar empregos e elevar a renda do brasileiro. ""Mobilizou, exclusivamente para esta finalidade, todos os seus recursos públicos, comprometendo-se integralmente com um projeto de Estado, e não com um projeto de poder"", diz.<p> De acordo com o documento, como a crise foi profunda, é preciso que o próximo governo dê continuidade às ideias e aos propósitos defendidos por Temer sob o risco do retorno da recessão, inflação e desemprego. O ""Encontro"" leva em consideração que quase todos as metas de Temer foram cumpridas, portanto, atualmente, se está ""no meio do caminho das reformas"".<p> Ao mesmo tempo, fala que a cultura e a política do país resistem às mudanças necessárias de uma democracia moderna e, por isso, o governo é incompreendido. Sem citar nomes específicos, o MDB então lamenta os baixos índices de popularidade de Temer e diz que ""o governo que provocou a crise, com seus erros, foi durante quase todo o tempo aprovado pela maioria da população"", em referência a Dilma Rousseff.<p> Além das críticas ao governo Dilma, o ""Encontro"" justifica que nem todas as reformas propostas foram aprovadas porque colocaram pressão no sistema político e no sistema judicial de combate à corrupção junto a ""grandes empresas privadas, partidos e personalidades políticas"".<p> O documento não se estende no combate à corrupção, mas diz que este não exclui as reformas. Pelo contrário, diz que apenas na democracia é possível ""crescer com justiça e investigar e punir a corrupção"".<p> Na economia, o ""Encontro"" afirma que, seguindo a atual política econômica, o Brasil poderá crescer 3% em 2018 e em 2019.<p> Entre as diretrizes, defende simplificação tributária, menos burocracia, prosseguimento de leilões de concessões ou de partilha na exploração do petróleo, continuidade às concessões do setor elétrico, modernização de marcos regulatórios, aceleração de acordos comerciais com países e blocos econômicos, aprovação da reforma da Previdência, reforma do Serviço Público, queda da dívida pública proporcionalmente ao PIB (Produto Interno Bruto), continuidade do teto de gastos públicos e maiores investimentos da iniciática privada. <p> De acordo com o ""Encontro"", as reformas e o ajuste fiscal têm como finalidade o crescimento sustentável, segurança socioeconômica e não significam um Estado mais fraco.<p> ""Um Estado sem excessos e mais equilibrado não significa um Estado mais fraco. A esse respeito nosso país vive um momento de transição, em que, muitas vezes, os papéis institucionais não estão inteiramente bem demarcados, o que tira potência do Poder Executivo. É para ele que se dirigem quase todas as demandas sociais. É ele que está permanentemente sob o escrutínio popular"", diz o documento.<p> O MDB admite que o Brasil construiu, ""ao longo de sucessivos governos"", um sistema de proteção social importante e que, na ausência dos programas com base na transferência de renda, a pobreza e miséria seriam maiores. Pondera, porém, que precisam ser melhores administrados e mais focalizados nos mais pobres.<p> Uma maneira, sugere, é por meio de um cadastro único estímulo e da qualificação das pessoas para o mercado de trabalho. A falta de resultados na educação não está na falta de recursos, defende, mas na aplicação ruim dos recursos. Como prioridade, elege os ensinos fundamental e médio, maior presença da União no ensino básico e incentivo aos professores.<p> O MDB defende a continuidade do SUS (Sistema Único de Saúde), mas aponta deficiências. Para contornar a situação, o ""Encontro"" propõe o aumento dos gastos públicos com o setor em todas as esferas federativas, especialmente da União. Outro ponto defendido é a informatização e a integração do sistema.<p> O documento afirma que os níveis de criminalidade no Brasil são excepcionalmente maiores do que países equivalentes e, apesar de esforço concentrados em determinadas áreas, os índices não param de crescer. Como alternativa, cita a criação do Ministério Extraordinário da Segurança Pública e maior protagonismo da União no setor, com a criação do Susp (Sistema Único de Segurança Pública e de Defesa Social) para integrar órgãos e planejar ações coordenadas.<p> O novo programa de governo dá prioridade à região Nordeste devido à disparidade entre população e renda nacional, chamando-a de ""questão nordestina"". O MDB defende que as políticas públicas na região sejam voltadas a potenciais não explorados ou mal explorados, como energia limpa, turismo, agricultura irrigada de alta densidade e infraestrutura para o escoamento de produtos.",UOL Notícias,{},"{mdb, pt}"
24,http://www.band.com.br/noticias/eleicoes/conteudo.asp?ID=100000914802&t=janaina-paschoal-diz-que-nao-recebeu-convite-para-ser-vice,"
<p>A advogada Janaína Paschoal afirmou por meio das redes sociais nesta terça-feira, 22, que não foi convidada para concorrer ao cargo de vice-presidente da República por nenhum partido nas eleições de outubro de 2018. A jurista ressaltou que a declaração foi um esclarecimento diante da quantidade de mensagens que vinha recebendo sobre o assunto e reforçou que não sabe como o boato surgiu.<p>Janaína decidiu fazer a declaração por meio do Twitter e publicou: “Não me manifestei antes sobre esse alegado convite, porque temia parecer pedante”. Tendo até agosto para decidir tornar-se candidata, ela diz ser pouco provável concorrer a algum cargo político. Janaína anunciou ainda sua desfiliação do Partido Social Liberal (PSL) caso não participe das eleições com o objetivo de “manter o distanciamento de sempre e poder, dentro de minhas limitações, ajudar nosso país.”<p>Na publicação, os internautas se manifestaram demonstrando apoio à ideia da candidatura da advogada a cargos políticos.<p>A jurista foi uma das autoras do pedido de impeachment da presidente Dilma Rousseff, junto com Miguel Reale Júnior e Hélio Bicudo, e participou ativamente na tramitação do processo na Câmara dos Deputados e no Senado em 2016.<p>1) Olá, Amados! Haja vista a quantidade de telefonemas, mensagens e e-mails que venho recebendo, gostaria de esclarecer que NÃO recebi nenhum convite recente para ser candidata à vice-presidência da República. Não sei dizer de onde teria partido esse boato.<p>
<p>2) Não me manifestei antes sobre esse alegado convite, porque temia parecer pedante. No entanto, uma vez que o tal boato cresceu, entendi ser necessário fazer esse esclarecimento. Sigo filiada, mas sem nenhuma definição quanto a concorrer a algum cargo político.<p>
<p>3) O mais provável é que não concorra a nenhum cargo; porém, tenho até agosto para definir isso. Se decidir não concorrer, eu me desfiliarei, até para manter o distanciamento de sempre e poder, dentro de minhas limitações, ajudar nosso país.<p>
"," Com Azeredo foragido, Alckmin diz que Justiça deve ser cumprida ",{},{psl}
25,https://noticias.uol.com.br/politica/eleicoes/2018/noticias/2018/05/22/mp-e-judiciario-querem-governar-no-lugar-de-todo-mundo-diz-ciro-gomes.htm,"Carine Wallauer/UOL<p>Ciro Gomes durante sabatina no UOL<p> O pré-candidato do PDT à Presidência da República, Ciro Gomes, criticou nesta terça-feira (22) o que chamou de ""invasão absolutamente intolerável"" de atribuições democráticas por parte do Ministério Público e do Poder Judiciário, que, para ele, querem governar no lugar do Executivo.<p> A fala do presidenciável ocorreu durante a 21ª Marcha a Brasília em defesa dos municípios, mais conhecida como a ""marcha dos prefeitos"". O evento é realizado pela CNM (Confederação Nacional dos Municípios) e reúne centenas de chefes do Executivo e secretários municipais.<p> ""Hoje o Congresso Nacional é desmoralizado, o Poder federal desmoralizado, a autoridade política é desmoralizada, há uma invasão absolutamente intolerável, que tem de ser posto fim a ela, de atribuições democráticas por Poderes que não são votados"", declarou Gomes.<p> ""O Ministério Público quer governar no lugar de todo mundo. O Judiciário quer governar no lugar de todo mundo"", completou o pré-candidato, sendo bastante aplaudido pelos participantes do evento.<p> Ele não explicou, no entanto, de que forma atuaria como presidente, se for eleito, para impedir que isso aconteça. Também não citou nominalmente procuradores ou juízes.<p> Ciro foi o segundo presidenciável a falar na marcha, sucedendo o senador Alvaro Dias (Podemos-PR). Ainda nesta terça, falam as pré-candidatas Marina Silva (Rede) e Manuela D'Ávila (PCdoB).<p> Antes do discurso de Ciro, o senador Alvaro Dias, ferrenho defensor da Operação Lava Jato, declarou à plateia que ""temos que assumir a condição de agente público e pedir perdão ao Brasil pelo estágio de subdesenvolvimento em que nós nos encontramos"".<p> ""Esse sistema é corrupto, fracassou, tem que ser substituído. O Brasil hoje não está dividido entre esquerda e direita, está dividido entre os honestos e os ladrões da República, que assaltaram o país [...] Nós podemos mudar esse país"", discursou, em tom exaltado.<p> Ao dizer que o país está ""desarrumado"", Dias convocou os prefeitos a ""reviver a fé perdida nas estradas da decepção"". ""Vamos caminhar por esses caminhos difíceis na direção no nosso futuro"", declarou.<p> Nesta quarta-feira (23), outros quatro presidenciáveis participarão do evento: Jair Bolsonaro (PSL), Afif Domingos (PSD), Geraldo Alckmin (PSDB) e Henrique Meirelles (MDB). Além das falas, haverá a leitura de uma carta do ex-presidente Luiz Inácio Lula da Silva, pré-candidato do PT que está preso desde o dia 7 de abril.",do UOL,"{pr, df}","{psdb, pt, psl, mdb, pode, pdt, psd, pcdob, rede}"
26,https://noticias.uol.com.br/politica/eleicoes/2018/noticias/agencia-estado/2018/05/22/alvaro-dias-diz-que-brasil-esta-dividido-entre-honestos-e-ladroes.htm,0," ""Não vou sair do partido e ninguém me tira"", afirma Eunício ",{},{}
27,https://noticias.uol.com.br/politica/eleicoes/2018/noticias/bbc/2018/05/22/lula-esta-colhendo-o-que-plantou-diz-presidenciavel-do-pstu.htm,"BBC BRASIL<p>Vera Lúcia à frente de desenho na parede que mostra Leon Trotsky e o logo da 4ª Internacional<p> O que acontecerá se a ex-operária e sindicalista Vera Lúcia Salgado, 50, tomar posse como presidente da República no dia 1º de janeiro de 2019, eleita pelo Partido Socialista dos Trabalhadores Unificado (PSTU)? No dia 02 de janeiro, diz ela, todas as medidas de Michel Temer serão revogadas, as empreiteiras envolvidas na Lava Jato serão estatizadas.<p> ""E depois disso, dizer aos trabalhadores que se organizem nos conselhos populares, porque eles precisam tomar o rumo do país. Porque não dá para governar com o Congresso eleito dentro dos marcos que ele é eleito hoje"", diz ela. No momento, porém, as chances da sindicalista nordestina chegar à Presidência são remotas, de acordo com as últimas pesquisas eleitorais.<p> Nascida em uma família pobre do sertão pernambucano e crescida em Aracaju (SE), Vera Lúcia Salgado, 50, representa uma renovação no PSTU: desde 1998, o partido é representado na disputa presidencial por José Maria de Almeida, o Zé Maria. Ao longo da vida, Vera Lúcia trabalhou como garçonete, faxineira e até datilógrafa. A militância política surgiu no fim dos anos 1980 e começo dos anos 1990, quando ela já trabalhava como costureira na indústria calçadista da capital sergipana - ela participou da fundação e dirigiu o sindicato de sua categoria no Estado.<p> ",Estadão Conteúdo - Política,{se},{pstu}
28,https://noticias.uol.com.br/politica/eleicoes/2018/noticias/2018/05/22/uol-folha-e-sbt-entrevistam-geraldo-alckmin.htm,"Fábio Vieira/Fotorua/Estadão Conteúdo<p>Geraldo Alckmin, pré-candidato pelo PSDB à Presidência<p> O <p> Alckmin será o terceiro pré-candidato sabatinado da série. <p> Se a candidatura de Alckmin for confirmada, será a segunda vez que o político disputará a Presidência da República. Na tentativa de chegar ao Palácio do Planalto em 2006, ele foi derrotado no segundo turno pelo candidato à reeleição Luiz Inácio Lula da Silva. O tucano obteve 39,17% dos votos válidos, o que representa cerca de 37,5 milhões de eleitores.<p> Alckmin começou a carreira política no então PMDB, aos 19 anos, como vereador de Pindamonhangaba (SP) em 1972. Na sequência, elegeu-se prefeito da cidade pelo hoje MDB. Depois, tornou-se deputado estadual e federal por São Paulo. <p> Em 1988, Alckmin foi um dos fundadores do PSDB. Elegeu-se vice-governador na chapa de Mário Covas em 1994. Em 2001, assumiu o governo de São Paulo após a morte de Covas e se reelegeu em 2002.<p> Em 2010, elegeu-se novamente para o governo de São Paulo e foi reeleito em 2014. Em dezembro de 2017, tornou-se presidente nacional do PSDB e anunciou sua pré-candidatura ao Palácio do Planalto.<p> Na sabatina, Alckmin será entrevistado pelos jornalistas Diogo Pinheiro, chefe de reportagem do <p> Nesta quinta-feira (24), acontece a sabatina com o pré-candidata <p> Esta é a terceira eleição consecutiva em que o <p> As regras de participação nas sabatinas e debates foram definidas em reunião na sede do SBT no dia 22 de março, com representantes de 18 dos 35 partidos registrados no TSE (Tribunal Superior Eleitoral).<p> Foram convidados os seis candidatos à Presidência mais bem colocados na pesquisa Datafolha divulgada em 16 de abril. <p> Depois dos presidenciáveis, <p> O debate de primeiro turno entre os políticos que disputarão a eleição está previsto para o dia 26 de setembro. Em um eventual segundo turno, o debate será realizado no dia 17 de outubro. Os dois eventos terão duração de uma hora e vinte e cinco minutos (das 18h20 às 19h45) e serão realizados no estúdio do SBT.<p> A transmissão ao vivo será feita em TV aberta, nos sites do ", TSE garante ao menos R$ 510 milhões para campanha eleitoral de mulheres ,{sp},"{mdb, psdb}"
29,http://www.band.com.br/noticias/eleicoes/conteudo.asp?ID=100000914730&t=invadiu-e-chumbo-afirma-bolsonaro-sobre-movimentos-por-moradia,"
<p>Em palestra na Associação Comercial do Rio nesta segunda-feira, 21, o deputado Jair Bolsonaro, pré-candidato do PSL à Presidência, foi aplaudido por cerca de 300 empresários quando incentivou atos violentos contra integrantes do Movimento dos Trabalhadores Rurais Sem Terra (MST) e do Movimento dos Trabalhadores Sem Teto (MTST).<p>Bolsonaro disse que esses movimentos são compostos por ""marginais que devem ser tratados como terroristas"". ""A propriedade privada é sagrada. Temos que tipificar como terroristas as ações desses marginais. Invadiu? É chumbo!"". Ele defendeu ainda o uso de ""lança-chamas"" em ações contra esses grupos. A plateia, formada por empresários que pagaram de R$ 180 a R$ 220 para participar do almoço, deu risada.<p>Ao tratar de segurança, Bolsonaro propôs o endurecimento da intervenção federal no Rio. ""A questão da violência se combate em alguns casos com mais violência ainda"", afirmou. ""Temos que acabar com a figura do 'excesso' (policial).""<p>Bolsonaro, no entanto, não se alongou ao abordar temas que a associação julga ser prioritários, como a retomada do crescimento econômico e o fomento do setor produtivo. Depois, em entrevista a jornalistas, resumiu: ""Não tenho na ponta da língua a solução para o Brasil.""<p>No evento, no qual falou por cerca de uma hora, Bolsonaro apontou por diversas vezes o economista Paulo Guedes, seu consultor, dizendo que ele poderia comentar assuntos da esfera econômica de forma mais abalizada. Empresários chegaram a sugerir que Guedes fosse ouvido em outra ocasião.<p>O presidenciável também disse que não confia na grande maioria dos partidos políticos brasileiros e que, caso eleito, irá negociar ""no varejo"" com os parlamentares, ou seja, individualmente.<p>""Queremos conversar com os parlamentares de forma individual, tirar a negociação do jugo do líder partidário"", defendeu o congressista, que participou de sabatina na rádio Jovem Pan. ""Grande parte dos partidos não vale nada"", completou Bolsonaro, que já passou por sete siglas antes de chegar ao PSL.<p>O deputado deu como exemplo a relação que tem com o senador Magno Malta (PR-ES), que é cotado como vice em sua chapa. ""Tenho namorado o Malta, por mim fecharia com ele hoje. Mas não estive com o Waldemar da Costa Neto (presidente da sigla), como noticiaram. Meu acordo será com o Magno Malta"", afirmou.<p>Em meio à chavões conhecidos de sua campanha como a de que prefere ""cadeia cheia de vagabundo que cemitério cheio de inocentes"", Bolsonaro também fez uma avaliação do cenário eleitoral neste momento.<p>Disse entender que dadas as pesquisas eleitorais, deve ir para o segundo turno com Marina Silva (Rede) ou Ciro Gomes (PDT), a depender de quem o PT ""dar uma forcinha"". ""Para mim, tanto faz"", acrescentou. Confira possíveis cenários de segundo turno <p>O deputado disse ainda não ter obsessão pelo poder e lembrou que o tempo de TV a que deve ter direito esse ano é ""metade do Enéas"", em referência ao falecido Enéas Carneiro (Prona), candidato à presidência em 1989, 1994 e 1998, que na TV tinha apenas tempo de dizer; ""Meu nome é Enéas"".<p>Questionado sobre se tem receio em assumir a Presidência ou se, dada as grandes chances de ter uma base aliada pequena em sua gestão, sofrer um processo de impeachment, Bolsonaro disse que é claro que há receio em assumir a cadeira presidencial, mas fará ""o melhor"" caso vença o pleito deste ano - e que, em caso de impedimento, tem certeza que ""não seria por corrupção"".<p>Ele ainda admitiu que votou no PT em 2002, quando ainda simpatizava com o ex-presidente Luiz Inácio Lula da Silva. ""Achei que respeitariam a lei, conversava com o (José) Genoino"", contou o parlamentar, que está no Congresso desde 1991. O voto no petista, prosseguiu, não se repetiu em 2006.<p>Apesar de contabilizar grande tempo em Brasília, o congressista também considerou ter chances de encarnar o ""novo"" nas eleições de outubro. ""No tocante ao Executivo, eu sou virgem"", disse.<p>Sobre a eleição estadual em São Paulo, Bolsonaro disse ter ""simpatia"" pela candidatura de Paulo Skaf (MDB).<p>Líder de pesquisas de intenção de voto em cenários sem o nome do ex-presidente Luiz Inácio Lula da Silva, condenado e preso na Lava Jato, Bolsonaro tem se apresentado como opção conservadora nos costumes e liberal na economia.<p>O pré-candidato, entretanto, questionou a possibilidade de privatização da Eletrobrás, afirmando que ""o Brasil não pode ser um País que está em leilão"". ""Por que a Eletrobrás chegou onde chegou? Por que temos problemas em bancos? Porque foram indicações políticas. A princípio, eu reagiria (à privatização da estatal). Teria que ver o modelo"", disse, afirmando que as privatizações ""têm que ter critério"". ""Não podemos botar tudo para o mercado. Tem que desburocratizar, facilitar a vida de quem quer investir.""<p>O candidato criticou ainda o aumento do preço dos combustíveis - ""não pode a Petrobras querer tirar o prejuízo da roubalheira no preço"" - e o governo Temer. ""O que está sendo feito hoje é governabilidade ou 'assaltabilidade'?"". Ao mencionar a reforma trabalhista, declarou que ""aos poucos, a população vai entendendo que é melhor menos direitos e emprego do que todos os direitos e desemprego"". As informações são do jornal O Estado de S. Paulo.",Portal Paraná,"{pr, df, sp, es}","{mdb, pdt, rede, psl, pt}"
30,https://noticias.uol.com.br/politica/eleicoes/2018/noticias/agencia-estado/2018/05/22/doria-trava-disputa-com-marcio-franca-por-tempo-na-tv.htm,"Marcelo Chello/CJPress/Estadão Conteúdo<p>João Doria (PSDB) trava com o governador uma disputa por adesões partidárias para formar o maior tempo de TV<p> Pré-candidato ao governo paulista, o ex-prefeito de São Paulo João Doria (PSDB) trava com o governador Márcio França (PSB), candidato à reeleição, uma disputa por adesões partidárias para formar o maior tempo de TV no horário eleitoral gratuito.<p> Doria anuncia nesta terça-feira (22) em um ato político na capital o apoio do pequeno PTC (Partido Trabalhista Cristão). A coligação do tucano também conta com o PSD, que tem uma das maiores bancadas da Câmara (e é um dos maiores tempos de TV).<p> França, por sua vez, já fechou com PR, PPS, Solidariedade, Podemos, Avante, PUS, PSC, PRP e PPL. O governador paulista mantém negociação avançada com o PCdoB e PDT, que também são assediados pelo PT, que lançou Luiz Marinho na disputa.<p> O PSOL terá candidatura própria, já lançada. E o MDB, que lançou sozinho o empresário Paulo Skaf na eleição, disputa com França e Doria o apoio de duas legendas grandes, que estão negociando em bloco: PP e DEM. O DEM quer emplacar Rodrigo Garcia como vice em uma chapa competitiva. O governador paulista teria ""20 minutos"" no programa eleitoral na TV.", Cordialidade e populismo sanguinário ,"{pr, sp}","{psdb, pp, pt, dem, psb, psc, pode, pdt, ptc, pcdob, psd, ppl, pps, mdb, prp, psol, avante, sd}"
31,https://noticias.uol.com.br/politica/eleicoes/2018/noticias/agencia-estado/2018/05/22/grande-parte-dos-partidos-nao-vale-nada-diz-bolsonaro.htm,"Gustavo Maia/UOL<p> O deputado Jair Bolsonaro (RJ), pré-candidato do PSL à Presidência da República, afirmou nesta terça-feira, 22, que não confia na grande maioria dos partidos políticos brasileiros e que, caso eleito, irá negociar ""no varejo"" com os parlamentares, ou seja, individualmente.<p> ""Queremos conversar com os parlamentares de forma individual, tirar a negociação do jugo do líder partidário"", defendeu o congressista, que participou de sabatina na rádio <p> Bolsonaro deu como exemplo a relação que tem com o senador Magno Malta (PR-ES), que é cotado como vice em sua chapa. ""Tenho namorado o Malta, por mim fecharia com ele hoje. Mas não estive com o Waldemar da Costa Neto (presidente da sigla), como noticiaram. Meu acordo será com o Magno Malta"", afirmou.<p> Em meio a chavões conhecidos de sua campanha como a de que prefere ""cadeia cheia de vagabundo que cemitério cheio de inocentes"", Bolsonaro também fez uma avaliação do cenário eleitoral neste momento.<p> Disse entender que dadas as pesquisas eleitorais, deve ir para o segundo turno com Marina Silva (Rede) ou Ciro Gomes (PDT), a depender de quem o PT ""dar uma forcinha"". ""Para mim, tanto faz"", acrescentou.<p> O deputado disse ainda não ter obsessão pelo poder e lembrou que o tempo de TV a que deve ter direito esse ano é ""metade do Enéas"", em referência ao falecido Enéas Carneiro (Prona), candidato à presidência em 1989, 1994 e 1998, que na TV tinha apenas tempo de dizer; ""Meu nome é Enéas"".<p> Questionado sobre se tem receio em assumir a Presidência ou se, dada as grandes chances de ter uma base aliada pequena em sua gestão, sofrer um processo de impeachment, Bolsonaro disse que é claro que há receio em assumir a cadeira presidencial, mas fará ""o melhor"" caso vença o pleito deste ano - e que, em caso de impedimento, tem certeza que ""não seria por corrupção"".<p> Ele ainda admitiu que votou no PT em 2002, quando ainda simpatizava com o ex-presidente Luiz Inácio Lula da Silva. ""Achei que respeitariam a lei, conversava com o (José) Genoino"", contou o parlamentar, que está no Congresso desde 1991. O voto no petista, prosseguiu, não se repetiu em 2006.<p> Apesar de contabilizar grande tempo em Brasília, o congressista também considerou ter chances de encarnar o ""novo"" nas eleições de outubro. ""No tocante ao Executivo, eu sou virgem"", disse.<p> Sobre a eleição estadual em São Paulo, Bolsonaro disse ter ""simpatia"" pela candidatura de Paulo Skaf (MDB).",Congresso em Foco,"{pr, df, sp, es, rj}","{mdb, pdt, rede, psl, pt}"
32,http://www.band.com.br/noticias/eleicoes/conteudo.asp?ID=100000914716&t=bolsonaro-diz-ter-evoluido-no-posicionamento-economico,"
<p>Pré-candidato do PSL à Presidência da República, o deputado Jair Bolsonaro (RJ) afirmou nesta terça-feira, 22, que seus posicionamentos sobre a economia têm ""evoluído"" ao longo do tempo. O intuito é se aproximar do pensamento defendido pelo economista de orientação liberal Paulo Guedes, assessor da campanha de Bolsonaro, de forma a encontrar um ""meio termo"", como no tocante às privatizações.<p>""Tenho consciência que temos que nos aproximar das ideias do Guedes. Não 100%, mas quem sabe 95%"", afirmou Bolsonaro, em sabatina promovida pela rádio <p>O atual deputado foi questionado sobre se as ideias econômicas defendidas nessa corrida presidencial não contrastam com o histórico parlamentar do pré-candidato, com a defesa de visões setoriais, principalmente relacionadas às Forças Armadas, e estatizantes. O parlamentar fluminense retrucou ao pontuar sua evolução em alguns posicionamentos como, por exemplo, a atuação em relação à área de petróleo e gás. Em 2016, na votação que retirou a obrigatoriedade da Petrobras para operar os campos do Pré-Sal, Bolsonaro votou a favor.<p>O pré-candidato foi instado a falar sobre qual seria o plano econômico ideal. Bolsonaro disse concordar com um plano de privatização, mas ressaltou que determinadas coisas são ""estratégicas"".<p>""Não podemos jogar para cima tudo que temos"", disse, sem citar quais áreas ou empresas continuariam sob o guarda-chuva estatal, mas destacou: mesmo que tudo fosse privatizado, como chegou a defender Guedes, o montante seria suficiente para abater apenas 20% da dívida pública.<p>O deputado reiterou o que disse na segunda-feira, 21, no Rio de Janeiro, quando defendeu uma lei trabalhista a ""beira da informalidade"" como forma de conter o desemprego no país. ""Melhor menos direitos e mais emprego"", disse, na véspera, em palestra na Associação Comercial do Rio de Janeiro (ACRJ).<p>Para o pré-candidato à Presidência do PSL, a questão da seguridade social e da reforma da Previdência tem que ser feita por partes, para precisa combater privilégios. ""Precisamos acabar com a fábrica de marajás"", defendeu, ao citar como exemplo a experiência na Câmara Municipal do Rio de Janeiro, como foi vereador.<p>Na entrevista, Bolsonaro destacou a possibilidade de rever pensões concedidas às famílias de militares (viúvas e filhas), mas não explicitou o que poderia fazer nesse sentido, no entanto admitiu: ""quem está recebendo não tem como retirar"".<p>Outro assunto pouco detalhado pelo deputado foi o salário mínimo. ""É pouco para quem recebe e muito para quem paga"", resumiu. O parlamentar citou os aposentados e prefeitos contra o aumento que o procuraram em Brasília sob argumento do valor compilar o orçamento nos municípios.<p>""Como resolver isso aí? Pelo amor de Deus, me ajude a resolver isso"", brincou com os apresentadores, quando questionado sobre o que faria sobre o assunto."," Com câmera e vigilante, fãs do PR gastam R$ 8.000 por outdoor pró-Bolsonaro ","{df, rj}",{psl}
33,https://noticias.uol.com.br/politica/eleicoes/2018/noticias/2018/05/22/mdb-lanca-programa-de-governo-e-confirma-candidatura-propria-a-presidencia.htm,"Pedro Ladeira/Folhapress<p>Henrique Meirelles cumprimenta Temer em evento do MDB que selou que o ex-ministro será pré-candidato do partido<p> O presidente Michel Temer (MDB) confirmou nesta terça-feira (22) que não disputará a reeleição e Henrique Meirelles será o candidato do MDB à Presidência nas eleições de outubro deste ano. Meirelles foi ministro da Fazenda de Temer e lançou sua pré-candidatura no início de abril. O partido também lançou nesta terça o programa de governo ""Encontro com o Futuro"".<p> Em determinado momento do discurso, ao comentar os feitos de seu governo, Temer disse esperar que Meirelles pegue o comando do país com ""tranquilidade absoluta"" e desejou que o ex-ministro seja o único candidato de centro nas eleições.<p> ""Tenho enorme prazer de dizer que ficarei orgulhosíssimo se um dia Meirelles for proclamado, pelo voto popular, presidente da República Federativa do Brasil"", declarou. Ao que o público presente aplaudiu a frase, mas sem o entusiasmo desejado, Temer ponderou que é preciso ""animar um pouco o auditório"".<p> ""Meirelles, você tem todas as condições para estar à frente não só de nosso partido, mas da própria campanha eleitoral e, naturalmente, será uma surpresa.""<p> Temer foi enfático ao dizer que o MDB deve obrigatoriamente apoiar a candidatura de Meirelles e que não há espaço para divergências internas que possam prejudicar a campanha. Ao contrário, disse, o descontente deverá se desfiliar do partido.<p> ""Pode haver divergência, mas divergência que será resolvida até a convenção nacional. Mas, vamos parar com essa história de 'ah, não. Mas eu não. Eu vou para tal lugar. Eu não apoio o Meirelles. Eu não apoio fulano.' Não pode. Então, saia do partido! Não é verdade? Não é possível isso aí. Temos de ter unidade absoluta"", determinou.<p> Tanto Romero Jucá (MDB-RR) quanto Meirelles alegaram que Temer não desistiu de ser candidato à reeleição. Segundo eles, o MDB é que escolheu Meirelles. Agora, disse Jucá, o MDB se esforçará para atrair os demais partidos de centro.<p> A pluralidade de pré-candidatos à Presidência da base aliada do governo preocupa o MDB na medida em que os votos desses eleitores possam se dissipar e acabar ajudando a eleger um candidato de esquerda, como Lula (PT) ou seu sucessor, ou de extrema-direita, como Jair Bolsonaro (PSL).<p> ""[A escolha por Meirelles] Foi um gesto afirmativo. Portanto, agora é uma questão de trabalhar. A união dos demais partidos agora começa a ser conversada. [...] Se [eu] for [o único candidato de centro] no primeiro turno, excelente. Se não for, temos segurança de que seremos no segundo turno"", declarou.<p> Meirelles já era dado como certo dentro do MDB. Ele tem intensificado visitas a parlamentares do partido e ajudou a escrever o texto do ""Encontro"".<p> Algumas das vantagens de Meirelles perante Temer, que cogitou por um tempo ser candidato à reeleição, é a menor rejeição da população ao seu nome, a possibilidade de poder bancar toda sua campanha com recursos próprios – liberando verba para deputados e senadores – e a flexibilização de dissidentes de Temer no MDB poderem fazer alianças regionais junto a partidos de esquerda, como o presidente do Senado, Eunício Oliveira, no Ceará.<p> Por ter sido presidente do Banco Central no governo do ex-presidente Luiz Inácio Lula da Silva (PT), Meirelles é visto como esperança do MDB para conseguir votos de simpatizantes do petista, atualmente preso e proibido de participar do pleito deste ano.<p> Questionado se Temer é um bom cabo eleitoral e como este atuará em sua campanha, Meirelles inicialmente desconversou afirmando que o presidente, no exercício da função, ainda tem sete meses pela frente. Portanto, terá de se concentrar no trabalho do Planalto.<p> ""Olha, o presidente certamente será um cabo eleitoral positivo, porque ele está realizando. O governo está mostrando crescimento, criação de emprego, renda, e os resultados falam por si só. É importante dizer também que o meu histórico é um histórico de uma reputação inquestionável"", argumentou Meirelles.<p> Em seguida, porém, o pré-candidato do MDB afirmou que seu palanque abrigará todos aqueles dispostos a apoiá-lo e Temer ""certamente participará dos eventos que ele julgar adequado na hora certa"".<p> Em entrevista à imprensa após o anúncio, o senador Romero Jucá disse que as alianças estaduais estão liberadas e o MDB deverá estar em palanques que defenderão mais de um candidato à Presidência.<p> Indagado pelo <p> ""Não vai haver a proibição de nenhuma composição estadual"", afirmou Jucá. ""Vamos fazer campanha com a realidade que nós temos.""<p> Quanto aos líderes nordestinos, Meirelles reforçou que o ""Encontro"" propõe políticas específicas para a região e esta será uma prioridade em seu eventual governo.<p> O ""Encontro"" tem 41 páginas e traz a análise de cenários políticos e socioeconômicos e diretrizes de como lidar com os problemas do país no próximo governo. Ele é considerado uma continuação do ""Ponte para o Futuro"", lançado pelo MDB no final de 2015, quando do início do estremecimento das relações do partido com a ex-presidente Dilma Rousseff, do PT. Meses depois, ela sofreria impeachment e o presidente Michel Temer, então como vice, assumiu seu lugar.",do UOL,"{pa, ce, rr}","{mdb, psl, pt}"
34,https://noticias.uol.com.br/politica/eleicoes/2018/noticias/agencia-estado/2018/05/22/reforma-da-previdencia-deve-acabar-com-fabrica-de-marajas-diz-bolsonaro.htm,0, TSE: partidos devem distribuir recursos para candidaturas femininas ,{},{}
35,http://congressoemfoco.uol.com.br/noticias/mdb-tera-henrique-meirelles-como-candidato-a-presidente-diz-juca/,0,Agência Brasil,{},{}
36,http://www.band.com.br/noticias/eleicoes/conteudo.asp?ID=100000914688&t=nao-esta-definido-que-temer-va-desistir-de-concorrer-diz-marun,"
<p>O ministro da Secretaria de Governo, Carlos Marun, disse na manhã desta terça-feira, 22, em entrevista à rádio <p>O MDB realiza evento nesta terça, em conjunto com a Fundação Ulysses Guimarães, braço político da sigla, na sede do partido, em Brasília, na qual será lançado o documento ""Encontro com o Futuro"" - que será uma espécie de cartilha da sigla nessas eleições gerais e o terceiro da série iniciada com ""Ponte para o Futuro"", na ocasião do impeachment de Dilma Rousseff.<p>A ideia, defendida por setores do partido nos bastidores, é que o evento sirva de mote para que o presidente Michel Temer, que participará do encontro, possa fazer um aceno público na direção de Meirelles. Marun disse, entretanto, que isso não está definido.<p>""Conversei com Temer no domingo (dia 20) e posso dizer que não há nada definido se ele expressará sua vontade (com relação às eleições presidenciais deste ano) hoje ou em outro momento. O que posso dizer é que ele (Temer) é o mais preparado para continuar conduzindo o País"", afirmou o ministro.", Programa do MDB condiciona parte de políticas sociais a reformas econômicas ,"{df, pa}",{mdb}
37,https://noticias.uol.com.br/politica/eleicoes/2018/noticias/agencia-estado/2018/05/22/decreto-autoriza-emprego-das-forcas-armadas-nas-eleicoes-deste-ano.htm,"Fábio Guimaraes / Extra/Agência O Globo<p>Em imagem de 2016, homens do Exército patrulham ruas de Belford Roxo, na região metropolitana do Rio durante o segundo turno das eleições municipais<p> O presidente Michel Temer autorizou, por meio de decreto, o emprego das Forças Armadas para a garantia da votação e da apuração das eleições de 2018. O ato está publicado na edição desta terça-feira (22) no Diário Oficial da União (DOU).<p> ""As localidades e o período de emprego das Forças Armadas serão definidos conforme os termos de requisição do Tribunal Superior Eleitoral"", cita o texto.<p> O pleito deste ano vai ocorrer no dia 7 de outubro para a escolha de candidatos a deputados estaduais, distritais e federais, senadores, governadores e presidente da República. O segundo turno, nos casos que houver, será realizado no dia 28 de outubro, para candidatos a governador ou à Presidência do país.",do UOL,{},{}
38,https://noticias.uol.com.br/politica/eleicoes/2018/noticias/agencia-estado/2018/05/22/conselho-de-fake-news-nao-se-reune-ha-2-meses.htm,"Daniel Teixeira/Estadão Conteúdo<p>Para integrantes do conselho, o atual presidente do TSE, ministro Luiz Fux, decidiu priorizar as conversas sem o envolvimento da sociedade civil<p> A menos de cinco meses do primeiro turno, o Conselho Consultivo sobre Internet e Eleições - colegiado criado pelo Tribunal Superior Eleitoral (TSE) para discutir estratégias de combate à disseminação de notícias falsas (fake news) - não se reúne há mais de dois meses.<p> Integrantes do grupo ouvidos reservadamente pelo jornal ""O Estado de S. Paulo"" criticam a falta de avanço nos trabalhos e alertam para os riscos de a Corte Eleitoral não estar preparada para enfrentar o problema nas próximas eleições.<p> O último encontro do conselho, formado por representantes do próprio TSE, do governo e da sociedade civil, ocorreu em 5 de março, quando o diretor da Divisão de Crimes Cibernéticos do FBI, Howard Marshall, apresentou a estratégia norte-americana de combate a crimes cibernéticos. Desde então, não houve mais encontros.<p> Entre as atribuições do grupo, criado pelo ministro Gilmar Mendes (então presidente do TSE) em dezembro do ano passado, estão o desenvolvimento de pesquisas e estudos sobre as regras eleitorais e a influência da internet nas eleições, ""em especial o risco de fake news e o uso de robôs na disseminação das informações"" e a proposição de ações e metas voltadas ao aperfeiçoamento das normas.<p> Para integrantes do conselho, o atual presidente do TSE, ministro Luiz Fux, decidiu priorizar as conversas com a Polícia Federal, Exército e a Agência Brasileira de Inteligência (Abin), sem o envolvimento da sociedade civil. O objetivo desse outro grupo é discutir ferramentas de investigação para atuar na prevenção e combate às fake news.<p> Dentro do conselho, há o temor de que o início da Copa do Mundo, no dia 14 de junho, e as férias escolares de julho atrasem ainda mais os trabalhos. Fux deixará o comando da Corte Eleitoral em agosto, quando será sucedido pela ministra Rosa Weber, considerada mais reservada.<p> Em reuniões anteriores, o conselho consultivo já havia discutido a criação de um manual para orientar os juízes eleitorais a tomar decisões sobre o tema. Uma das preocupações de empresas do setor de tecnologia, por exemplo, é que os magistrados apontem especificamente o endereço eletrônico que deve ser removido por propagar conteúdo falso.<p> Segundo o jornal apurou, não deve ir adiante a proposta de criar uma plataforma online no âmbito do TSE para conferir se uma notícia é verdadeira ou não, já que a Corte Eleitoral não tem capacidade operacional nem pretende dar selo oficial para notícias.<p> Procurada pela reportagem, a assessoria de imprensa do TSE informou que a corte eleitoral está trabalhando em uma minuta sobre o tema com base em sugestões enviadas por integrantes do conselho.<p> ""No momento, o material está sendo consolidado para que seja apresentada uma proposta final ao colegiado já na próxima reunião, em data a ser definida"", informou a assessoria do tribunal. Depois da aprovação interna, o documento será analisado pelo plenário da Corte Eleitoral.<p> Ao assumir a presidência do TSE em fevereiro, Fux afirmou que ""uma campanha limpa se faz com a divulgação das virtudes de um candidato, e não com a difusão de atributos negativos pessoais que atingem irresponsavelmente uma candidatura"".<p> ""Apesar disso (do combate às fake news), não se pretende tolher a liberdade de expressão e de informação legítima do leitor. A liberdade de expressão é pressuposto para qualquer regime que se intitule verdadeiramente democrático"", afirmou o ministro, à época. As informações são do jornal ""O Estado de S. Paulo"".", Janaina Paschoal diz que não recebeu convite para ser vice ,{},{}
39,http://congressoemfoco.uol.com.br/opiniao/colunistas/ao-seu-lado-um-racista-homofobico-e-misogino-concorda-com-a-tortura/,0,Band,{},{}
